pid,fnm,lnm,hght,n,bx,by,bz,rt,rx,ry,rz,rv,rvx,rvy,rvz,mnv,mnvt,mnvx,mnvy,mnvz,mxv,mxvt,mxvx,mxvy,mxvz,ta1t,ta1x,ta1y,ta1z,ta2t,ta2x,ta2y,ta2z,at1t,at1x,at1y,at1z,at2t,at2x,at2y,at2z,lr1t,lr1x,lr1y,lr1z,lr2t,lr2x,lr2y,lr2z,rl1t,rl1x,rl1y,rl1z,rl2t,rl2x,rl2y,rl2z,pl,spl,plr
201935,James,Harden,77,1138,-0.12951458,0.159514174,3.354384582,0.378,0.007704175,0.01313425,8.18029876,14.42259581,-7.145353365,-0.470511582,12.5193376,9.648681018,0.305,0.324693032,0.061609524,7.379855132,19.7050796,0.116,-0.424713841,-0.061018657,4.859944558,0.081,-0.477440436,-0.0377293,4.200234704,NA,NA,NA,NA,0.284,0.34017271,0.07460242,7.174992411,NA,NA,NA,NA,0.125,-0.396781412,-0.061898513,5.036550315,NA,NA,NA,NA,0.267,0.33081881,0.07863005,6.999131777,NA,NA,NA,NA,5.186691821,4.8300832,1.073830741
203081,Damian,Lillard,74,1114,-0.19284424,-0.158115464,2.917786475,0.371,0.015376526,-0.005017535,7.653077562,14.67136797,-6.933572067,-0.053912223,12.92948994,9.858253791,0.304,0.27135278,0.024809356,6.912895972,18.73428908,0.116,-0.49422062,0.226736331,4.400952692,0.081,-0.540241891,0.152878479,3.771187426,NA,NA,NA,NA,0.292,0.276692343,0.035453585,6.794141085,NA,NA,NA,NA,NA,NA,NA,NA,NA,NA,NA,NA,0.154,-0.368866524,0.258866861,5.075421761,NA,NA,NA,NA,5.123031516,4.742338721,1.080275328
2772,Trevor,Ariza,80,942,0.279411223,0.142605157,3.189608787,0.439,-0.108531224,0.004955384,8.556269516,14.881033,-6.69738032,0.33057661,13.28461363,12.81048358,0.372,0.205155501,0.013805547,7.687208836,16.01421323,0.238,0.040115254,0.181498527,5.767498613,0.133,-0.319730765,0.305477167,4.21847797,NA,NA,NA,NA,0.32,0.289359998,0.053704149,7.013671145,NA,NA,NA,NA,0.417,0.023761717,0.001234862,8.266944399,NA,NA,NA,NA,0.129,-0.318956335,0.305767107,4.170290126,NA,NA,NA,NA,5.758962006,5.382424563,1.069956845
202083,Wesley,Matthews,76,920,-0.66473634,0.263333171,3.188989465,0.377,0.011190835,-0.011424803,7.44604445,14.62072252,-6.612055279,0.108494158,13.03972703,7.834409908,0.294,0.23218634,0.018991279,6.604377087,18.34076463,0.111,-0.9582597,0.391565356,4.346042725,0.098,-0.965872255,0.391352876,4.10914813,NA,NA,NA,NA,0.307,0.240066283,0.008180637,6.707195547,NA,NA,NA,NA,0.367,0.072762709,-0.012034376,7.317750991,NA,NA,NA,NA,0.105,-0.96367447,0.392081848,4.236124732,NA,NA,NA,NA,4.825180624,4.319130311,1.117164864
200768,Kyle,Lowry,72,886,-0.016749533,0.26217981,2.86361847,0.395,0.005381976,0.015877559,7.853279216,13.41937436,-8.270247449,0.298627291,10.56377949,7.487149694,0.32,0.411071315,0.018008406,7.174139113,20.98311277,0.12,-0.278364932,0.60575235,4.583271492,0.077,-0.385467886,0.610378374,3.736079589,NA,NA,NA,NA,0.283,0.4584987,0.059336215,6.879859256,NA,NA,NA,NA,0.354,0.280432201,0.008819547,7.442413077,NA,NA,NA,NA,0.096,-0.361383489,0.623393933,4.088946409,NA,NA,NA,NA,5.500147109,4.99578512,1.100957503
2594,Kyle,Korver,79,885,0.058234911,0.310479085,3.37815294,0.401,-0.022529932,-0.021030478,8.250120652,13.63994481,-6.974106901,-1.462850521,11.630563,11.30275374,0.361,0.198870999,0.038488001,7.793495264,17.03938198,0.191,0.076005886,0.243415155,5.44894008,0.094,-0.208634244,0.273749979,3.954160762,NA,NA,NA,NA,0.285,0.344932616,0.149233837,6.904592952,NA,NA,NA,NA,0.077,-0.194748523,0.273072353,3.763759581,NA,NA,NA,NA,0.095,-0.208601616,0.273750051,3.966349874,NA,NA,NA,NA,5.12212052,4.883901201,1.048776441
201567,Kevin,Love,80,824,-0.774061258,0.339254956,3.516904316,0.383,-0.004966204,-0.017416188,8.234705461,14.27663183,-7.389160319,0.109260948,12.2151786,8.724711617,0.308,0.276985825,-0.022007552,7.475749231,18.5497032,0.116,-0.801471479,0.393618475,5.150718573,0.061,-1.003552844,0.450451032,4.221780831,NA,NA,NA,NA,0.304,0.277686917,-0.021269955,7.440843426,NA,NA,NA,NA,0.318,0.2693876,-0.022711276,7.563323926,0.05,-0.993164121,0.442180992,4.072403817,0.067,-1.00014999,0.451750621,4.306590691,0.297,0.275790869,-0.019213607,7.379517932,5.170533902,4.793367204,1.078685125
2747,JR,Smith,78,798,-0.657638632,-0.240109311,3.449026201,0.392,0.008415047,-0.01394366,8.407467166,12.92387813,-6.550094835,1.075445781,11.08901709,6.519690718,0.317,0.286625425,-0.077478581,7.759284389,21.30213724,0.118,-0.765025682,0.104504856,5.122070638,0.066,-0.930267964,0.008946796,4.109053316,NA,NA,NA,NA,0.306,0.290750762,-0.081882693,7.687100202,NA,NA,NA,NA,0.294,0.285203196,-0.083700472,7.6045146,NA,NA,NA,NA,0.143,-0.605504589,0.116728846,5.644016648,NA,NA,NA,NA,5.407125437,5.008084985,1.079679249
201980,Danny,Green,78,779,0.012294566,0.251852915,3.108332723,0.385,-0.031543281,-0.00183218,8.32825594,12.68770676,-6.225226106,-0.961160505,11.01365666,6.863716425,0.315,0.149323877,0.082513776,7.706821481,22.74517901,0.114,-0.520762838,0.336622194,4.756929645,0.136,-0.540527843,0.338784084,5.247347702,NA,NA,NA,NA,0.328,0.15729706,0.063351621,7.797283324,NA,NA,NA,NA,NA,NA,NA,NA,NA,NA,NA,NA,0.13,-0.538910326,0.33922364,5.116879097,NA,NA,NA,NA,5.538058301,5.22626791,1.059658325
201587,Nicolas,Batum,81,750,-0.169715275,-0.036297185,3.184977744,0.48,-0.023934283,-0.033603999,8.767789023,13.48414746,-7.56637308,-0.219981803,11.159025,9.541942887,0.404,0.392718512,-0.023159847,7.983159469,16.56038768,0.199,-0.181265686,0.24021558,5.544885654,0.123,-0.487331305,0.294497172,4.357210284,NA,NA,NA,NA,0.351,0.488033476,-0.003367995,7.455549374,NA,NA,NA,NA,NA,NA,NA,NA,NA,NA,NA,NA,0.15,-0.458458311,0.305270208,4.776662416,NA,NA,NA,NA,6.094247878,5.584714954,1.091237051
101123,Gerald,Green,78,748,0.533390132,-0.336744971,3.441981802,0.463,-0.009144849,-0.018391675,8.665204648,15.28685993,-9.130764935,-0.076922633,12.26015095,11.40510436,0.398,0.431371492,-0.013674165,7.90254083,15.7557209,0.212,0.038287518,0.076091077,5.365394514,0.139,-0.208046196,0.046219943,4.295376903,NA,NA,NA,NA,0.335,0.573812851,-3.64E-04,7.162935619,NA,NA,NA,NA,NA,NA,NA,NA,NA,NA,NA,NA,0.195,-0.050306329,0.078082238,5.098550009,NA,NA,NA,NA,5.944610282,5.260964733,1.129946803
202738,Isaiah,Thomas,69,727,1.157184941,0.078125395,2.79089331,0.501,-0.012650147,-0.024882229,8.186743949,12.38938237,-8.595582915,-0.6013796,8.902308259,8.207084216,0.451,0.347255107,1.56E-05,7.764470478,14.90215745,0.216,0.127752921,-0.03617306,4.993538815,0.178,0.066171677,-0.038693407,4.430724877,NA,NA,NA,NA,0.364,0.629813925,0.018763252,6.986771,NA,NA,NA,NA,0.19,0.073138047,-0.039482792,4.607130261,NA,NA,NA,NA,0.37,0.627978195,0.018962367,7.049432425,NA,NA,NA,NA,6.143266406,5.52216704,1.112473846
200755,JJ,Redick,75,720,0.930656925,0.703922783,2.839119209,0.41,-0.142192918,0.015637984,8.06758147,13.86700047,-6.171133028,-2.096585232,12.2398999,Inf,NA,NA,NA,NA,18.93846555,0.213,0.258238739,0.461340502,5.083118466,0.167,0.241255574,0.548446206,4.233349951,NA,NA,NA,NA,0.25,0.270355003,0.38278355,5.772009984,NA,NA,NA,NA,NA,NA,NA,NA,NA,NA,NA,NA,NA,NA,NA,NA,NA,NA,NA,NA,5.713098083,5.381594593,1.061599491
201142,Kevin,Durant,82,719,-0.501814015,0.229784031,3.430690131,0.387,-0.009321836,-0.060970925,8.92180693,15.41848168,-7.980570672,0.102837617,13.19202386,7.785997264,0.316,0.350717989,-0.065613849,8.222205068,24.66274362,0.12,-0.696419448,0.509429815,5.468528026,0.073,-0.83104925,0.46431686,4.402283392,NA,NA,NA,NA,0.295,0.371563014,-0.047243302,8.05502716,NA,NA,NA,NA,0.333,0.303866247,-0.069066123,8.356702078,NA,NA,NA,NA,0.118,-0.706514144,0.509522429,5.419206906,NA,NA,NA,NA,6.024317865,5.520819747,1.091199883
201939,Stephen,Curry,75,717,-0.011412328,-0.088009446,2.942743588,0.361,-0.086062729,-0.006783201,7.436298184,15.93220182,-4.965536879,-0.484903226,15.13087463,12.84131835,0.288,-0.054261031,0.05754168,6.419503032,16.7706127,0.196,-0.446468503,0.193011253,5.074660678,0.142,-0.612524111,0.235638941,4.230310087,NA,NA,NA,NA,0.324,0.023137305,0.017633631,6.893211234,NA,NA,NA,NA,NA,NA,NA,NA,NA,NA,NA,NA,0.15,-0.608023306,0.237471085,4.341040322,NA,NA,NA,NA,4.840457441,4.494908596,1.076875611
2037,Jamal,Crawford,77,710,0.041422553,0.322363356,3.279088141,0.395,-0.019418569,-0.009940527,8.680862105,13.22550747,-7.932697066,0.024275229,10.5823332,6.41051894,0.322,0.38667869,-0.015050502,8.069194294,22.95273976,0.119,-0.178515199,0.45918511,5.386348178,0.075,-0.323376338,0.518326781,4.442409199,NA,NA,NA,NA,0.272,0.468056577,0.01592105,7.695244259,NA,NA,NA,NA,0.324,0.380104438,-0.015077261,8.082020321,0.059,-0.300632177,0.504113646,4.162717446,0.077,-0.322861597,0.518466462,4.479702393,0.294,0.451918956,-0.006593866,7.88044498,5.781700717,5.412327547,1.06824664
202331,Paul,George,80,690,-0.47614643,-0.017225584,3.344378289,0.383,0.007322971,-0.02336369,8.401841774,14.54304702,-7.433662163,-0.541639855,12.48789453,8.89590164,0.312,0.285578276,0.058573907,7.651986925,19.96526897,0.121,-0.717016804,0.381079036,4.988496328,0.074,-0.818798727,0.279309704,4.117527308,NA,NA,NA,NA,0.307,0.286413981,0.067533426,7.607474272,NA,NA,NA,NA,NA,NA,NA,NA,NA,NA,NA,NA,0.154,-0.562621749,0.406969224,5.621554639,NA,NA,NA,NA,5.539577837,5.080523324,1.090355753
203082,Terrence,Ross,78,683,-0.268191485,-0.137411913,2.97999671,0.385,-0.009605578,-0.010972423,8.249403345,14.41553032,-7.437734975,0.962836737,12.31099339,8.827673617,0.31,0.355896606,-0.074741562,7.474032346,20.67219412,0.116,-0.351420232,0.212978113,4.855462825,0.063,-0.522969102,0.169759622,3.856544123,NA,NA,NA,NA,0.275,0.393228825,-0.079658885,7.153294324,NA,NA,NA,NA,0.287,0.389178056,-0.082186002,7.267764495,NA,NA,NA,NA,0.102,-0.421647542,0.217658224,4.567706777,NA,NA,NA,NA,5.626317104,5.277262539,1.066143112
202688,Brandon,Knight,74,675,-0.738071928,0.009158505,3.053788994,0.352,0.020481252,0.004377139,7.40069708,16.00115868,-5.77670737,-1.019843476,14.88713036,9.595003605,0.283,0.114570973,0.09386399,6.594463754,15.8876327,0.105,-0.959916079,0.292556232,4.196621537,0.1,-0.96116978,0.284386966,4.11723011,NA,NA,NA,NA,0.309,0.149523105,0.055817596,6.8523975,NA,NA,NA,NA,NA,NA,NA,NA,NA,NA,NA,NA,0.139,-0.879994359,0.321695591,4.717885612,NA,NA,NA,NA,4.737088519,4.412599653,1.073536893
2544,LeBron,James,81,659,-0.265121322,0.125299683,3.074948407,0.484,-0.00494145,-0.009366344,8.966728088,14.29517358,-8.220180365,1.248451608,11.62849909,7.111955372,0.399,0.436440476,-0.1419797,8.20033136,19.57039772,0.182,-0.526148991,0.385710688,5.673529036,0.125,-0.75020833,0.466194091,4.579894671,NA,NA,NA,NA,0.358,0.482350305,-0.172573422,7.890166147,NA,NA,NA,NA,0.362,0.481911595,-0.172909193,7.923379686,NA,NA,NA,NA,0.139,-0.738828877,0.473366352,4.848518521,NA,NA,NA,NA,6.541689833,5.899058934,1.108937867
101112,Channing,Frye,84,658,-0.127467679,0.032605511,3.662149653,0.445,0.002377849,-0.015215376,8.674675525,14.37499485,-7.284376073,-0.364738146,12.38730432,8.583589495,0.295,0.195537708,0.135428295,7.225873143,19.90549955,0.173,-0.754279718,0.336911184,5.586856929,0.127,-0.936649495,0.323656834,4.744881128,NA,NA,NA,NA,0.348,0.366950307,0.04784991,7.703047782,NA,NA,NA,NA,NA,NA,NA,NA,NA,NA,NA,NA,0.161,-0.830312192,0.338675928,5.349211932,NA,NA,NA,NA,5.898008036,5.014435394,1.176205808
101139,CJ,Miles,78,658,-0.656885805,-0.265121532,3.40982538,0.38,-0.004545624,0.018066492,8.667224302,14.49913138,-8.038320534,-0.033683018,12.06685871,8.623795978,0.309,0.380494315,0.031106392,7.954915502,22.5435479,0.112,-0.553127803,-0.266647382,5.343206857,0.055,-0.83551812,-0.346305569,4.203914121,NA,NA,NA,NA,0.274,0.428672367,0.029824957,7.641218786,NA,NA,NA,NA,0.058,-0.834495313,-0.346665737,4.25272534,0.304,0.393209071,0.032127618,7.911772348,0.292,0.41582721,0.033246838,7.807029013,0.078,-0.781624564,-0.333352926,4.607915165,5.671733149,5.305279126,1.069073467
202689,Kemba,Walker,72,645,0.232678179,0.176584956,2.962921642,0.38,-0.035293498,-0.014768693,7.68535601,13.54527409,-6.183898817,-0.219898092,12.04929419,9.279550842,0.31,0.220654305,0.014561506,6.968255851,18.68842687,0.116,-0.148210309,0.421059831,4.462546594,0.089,-0.17026098,0.440827614,3.969907126,NA,NA,NA,NA,0.281,0.234190936,0.04289319,6.694683613,NA,NA,NA,NA,NA,NA,NA,NA,NA,NA,NA,NA,0.085,-0.169570998,0.441234708,3.901428585,NA,NA,NA,NA,5.026291309,4.733900231,1.061765365
203484,Kentavious,Caldwell-Pope,77,645,-0.446310786,0.182950748,2.75995086,0.382,0.016571709,-0.026646407,8.389865076,14.11990375,-7.686892972,0.464801586,11.83500392,7.053007326,0.317,0.353159031,-0.066541867,7.804144598,25.94270401,0.117,-0.621252745,0.338973524,4.867954515,0.071,-0.77344404,0.376542133,3.770494034,NA,NA,NA,NA,0.287,0.392376302,-0.071122328,7.579676266,NA,NA,NA,NA,0.296,0.388688004,-0.072583561,7.651647985,NA,NA,NA,NA,0.078,-0.769274953,0.378255011,3.914528632,NA,NA,NA,NA,6.070880021,5.652798003,1.073960191
203504,Trey,Burke,72,644,0.269924379,0.006384331,2.69593821,0.463,-0.039368158,-0.042256924,8.266989255,13.88596545,-8.162492928,-0.165613965,11.2323781,8.101127359,0.392,0.388364051,-0.03475897,7.584073564,19.09368833,0.191,0.062519025,0.355201393,5.053748822,0.131,-0.176842508,0.420338869,4.003442049,NA,NA,NA,NA,0.323,0.52646822,0.021503702,6.938206025,NA,NA,NA,NA,0.399,0.359685091,-0.034910904,7.640943178,NA,NA,NA,NA,0.146,-0.161148758,0.430330361,4.242231621,0.272,0.457496856,0.140243277,6.353073703,6.103002948,5.579842076,1.093759082
2440,Matt,Barnes,79,638,-0.147992817,0.195240601,3.472619207,0.477,-0.039914597,-0.018977354,8.738047278,11.86794537,-8.105715068,1.024535933,8.607893864,4.932767073,0.402,0.401054611,-0.105249765,8.242674229,19.6730392,0.19,-0.207245435,0.050249498,6.0052729,0.123,-0.502211178,0.170451496,4.778800119,NA,NA,NA,NA,0.343,0.515353407,-0.149870669,7.892627169,NA,NA,NA,NA,0.334,0.511685835,-0.150634535,7.829197553,NA,NA,NA,NA,0.055,-0.364636477,0.199628251,3.683898893,NA,NA,NA,NA,5.819351139,5.270892051,1.10405432
201569,Eric,Gordon,75,624,-0.265231893,0.361982994,2.783658055,0.375,-0.001082052,-0.03049736,7.442227657,14.30643012,-6.964441517,0.058064266,12.49668459,9.262244191,0.299,0.295874693,-0.012930228,6.616818467,18.23154406,0.114,-0.545993294,0.382595309,4.246850836,0.094,-0.56019143,0.40610196,3.887112899,NA,NA,NA,NA,0.289,0.300016439,-0.005879443,6.523952997,NA,NA,NA,NA,0.369,0.039280925,-0.030697761,7.367404641,NA,NA,NA,NA,0.064,-0.530888461,0.42103842,3.413308031,NA,NA,NA,NA,5.007981239,4.682529946,1.069503302
202330,Gordon,Hayward,79,624,-0.156075114,0.136888831,3.182460562,0.382,-0.01710521,-0.002279983,7.890649968,13.57016909,-6.699118502,-0.369387729,11.79554378,8.689406136,0.312,0.226481119,0.042158904,7.188888438,19.34858203,0.12,-0.55352053,0.39805931,4.637128414,0.09,-0.589149716,0.384280006,4.075513838,NA,NA,NA,NA,0.31,0.226663611,0.044006548,7.171507871,NA,NA,NA,NA,NA,NA,NA,NA,NA,NA,NA,NA,0.121,-0.551276561,0.398071122,4.65647346,NA,NA,NA,NA,5.143334943,4.712295415,1.091471245
1717,Dirk,Nowitzki,84,623,0.053968723,0.3528683,3.758678635,0.463,-0.048907532,-0.028487688,9.059160705,14.77159348,-7.589113086,0.270932605,12.67011965,7.593773753,0.299,0.406897538,0.050591603,7.391255574,18.03486119,0.11,-0.593925622,0.463381579,4.849464036,0.128,-0.618162887,0.451512619,5.169338453,NA,NA,NA,NA,0.336,0.451700504,-0.004517504,7.689757518,NA,NA,NA,NA,0.403,0.306042457,-0.036950282,8.352345604,NA,NA,NA,NA,0.094,-0.539493126,0.466661459,4.564136796,NA,NA,NA,NA,6.008095438,5.315178838,1.130365623
2207,Joe,Johnson,79,621,-0.588980294,0.051519138,3.166882075,0.385,0.021809979,-0.02207851,8.325302854,13.12773533,-6.690299069,0.356225956,11.28939486,7.967911657,0.315,0.276304198,-0.009827127,7.657127996,22.06045103,0.117,-0.694282521,0.331072441,4.933440507,0.063,-0.847939061,0.277495085,3.8781154,NA,NA,NA,NA,0.307,0.278764697,-0.003295847,7.593193291,NA,NA,NA,NA,0.359,0.168500777,-0.027223256,8.040780149,NA,NA,NA,NA,0.118,-0.68934566,0.331095639,4.95549791,NA,NA,NA,NA,5.548270906,5.194977027,1.068006822
101150,Lou,Williams,73,607,0.137072223,-1.087434923,2.88682201,0.467,-0.021522071,-0.003453259,7.990512822,15.50070199,-9.40251567,0.632935584,12.3070652,9.205844604,0.389,0.486714721,-0.096311663,7.169866175,17.06920732,0.196,-0.119983405,-0.0163331,4.824148014,0.136,-0.365841236,-0.06918805,3.888377125,NA,NA,NA,NA,0.342,0.578639411,-0.147984999,6.71546806,NA,NA,NA,NA,0.327,0.563617206,-0.150970609,6.559494726,NA,NA,NA,NA,0.172,-0.269817679,0.005542187,4.420297854,NA,NA,NA,NA,6.100545824,5.219945239,1.1686992
201583,Ryan,Anderson,81,606,-1.17254555,-0.735059702,3.27041358,0.583,0.014599799,-0.017807769,8.087410469,16.0040924,-7.242187147,0.303574236,14.2684807,-2.271653277,0.065,-1.264592915,-0.773899034,3.112519758,18.34178126,0.323,-1.06797936,0.456710856,4.532107652,0.044,-1.300330715,-0.811752194,3.159678558,0.281,-1.008382843,0.422841878,3.805224604,0.192,-0.907172386,-0.02995217,3.086304604,0.345,-1.050756561,0.45094907,4.928057153,0.041,-1.29928328,-0.812356453,3.16661128,0.529,0.186978364,0.009959734,7.403152236,0.324,-1.068197169,0.456736877,4.550445898,NA,NA,NA,NA,6.737813229,5.0127062,1.344146846
202718,Chandler,Parsons,81,605,0.098279001,0.874820133,2.854517972,0.586,-0.079165578,0.017747243,8.93977183,13.03990016,-9.313977997,-0.29302464,9.121564927,7.142707766,0.421,0.705853928,0.169036528,7.625176587,18.47841142,0.189,-0.209942179,0.915276677,4.939425284,0.124,-0.351624328,1.012827658,3.79331994,NA,NA,NA,NA,0.415,0.706838121,0.182405685,7.582307632,NA,NA,NA,NA,NA,NA,NA,NA,NA,NA,NA,NA,0.105,-0.339284344,1.018239168,3.509166394,NA,NA,NA,NA,6.872399265,6.147875652,1.117849425
1938,Manu,Ginobili,78,603,0.205277412,0.204842698,3.629177597,0.438,-0.113428608,-0.010466405,7.708643932,13.5897195,-5.483482257,-0.24125798,12.43196256,10.53230435,0.314,0.248262549,0.008600091,6.29113056,11.34702699,0.254,0.234003345,-0.009820432,5.627289876,0.11,0.024530931,-0.035040131,4.216744039,NA,NA,NA,NA,0.291,0.26010228,0.007948665,6.043058192,NA,NA,NA,NA,0.157,0.063250264,-0.062112801,4.594426289,NA,NA,NA,NA,0.304,0.25656544,0.009586577,6.184739013,NA,NA,NA,NA,4.236421636,4.097557457,1.033889501
101108,Chris,Paul,73,602,-0.263763366,0.55874198,2.672509173,0.385,-0.004798828,-0.010939807,7.524717912,15.13706293,-7.628177293,-0.373099213,13.06913854,9.343935279,0.242,0.296696945,0.163295426,6.02569641,19.13247671,0.115,-0.556165727,0.674255202,4.293130403,0.075,-0.668390355,0.750886561,3.561892959,NA,NA,NA,NA,0.283,0.387954067,0.056841864,6.424157373,NA,NA,NA,NA,NA,NA,NA,NA,NA,NA,NA,NA,0.072,-0.66741335,0.751441554,3.512949095,NA,NA,NA,NA,5.404766771,4.89239508,1.104728192
201144,Mike,Conley,73,602,0.270791906,0.714740731,3.139530465,0.416,-0.093100751,0.024462919,7.054769284,14.25140127,-4.854343436,-0.36617163,13.39416688,12.36625353,0.33,0.082205305,0.065435927,5.961329596,13.80014812,0.241,-0.061207039,0.132885761,4.803427067,0.136,-0.281708908,0.300719766,3.51374002,NA,NA,NA,NA,0.335,0.08261261,0.062598166,6.023168031,NA,NA,NA,NA,NA,NA,NA,NA,NA,NA,NA,NA,NA,NA,NA,NA,NA,NA,NA,NA,4.553211662,3.992242019,1.140514939
201566,Russell,Westbrook,75,596,1.419743988,0.150072176,2.937632392,0.473,-0.013457532,-0.012133329,8.764636044,12.97265118,-7.730412315,-0.031833295,10.41774403,6.694330153,0.413,0.309331811,-0.02151439,8.277738657,22.48030915,0.203,0.153595693,0.175333775,5.652705844,0.175,0.11537632,0.238903894,5.038092569,NA,NA,NA,NA,0.348,0.432115889,-0.017476167,7.758808802,NA,NA,NA,NA,0.384,0.385045054,-0.025097886,8.07483341,NA,NA,NA,NA,0.09,0.534146779,0.307129655,3.496936759,0.377,0.398486495,-0.024784889,8.019714918,6.652471298,6.002861716,1.10821665
200751,Randy,Foye,76,594,0.406333589,0.172698967,3.087771545,0.384,0.026815478,-0.025335324,8.238467372,16.01618317,-8.356379547,-0.457062117,13.65577308,10.94824761,0.307,0.534289934,0.020400447,7.300288265,18.4613516,0.12,0.281910143,0.288535479,4.756545135,0.069,0.185926749,0.277871644,3.881688363,NA,NA,NA,NA,0.256,0.665597772,0.07442463,6.715380954,NA,NA,NA,NA,NA,NA,NA,NA,NA,NA,NA,NA,0.103,0.232932107,0.291857839,4.444879799,NA,NA,NA,NA,5.410390258,5.168454225,1.046810134
1718,Paul,Pierce,79,592,-0.242716723,0.087522314,3.61943948,0.467,-0.029291038,-0.028615448,7.981532722,14.32421631,-7.771533057,-0.252929842,12.03006539,7.95654418,0.316,0.23533352,0.074938452,6.630680042,13.76120887,0.19,-0.639988147,0.379998677,5.290284589,0.138,-0.836375521,0.425925533,4.610733997,NA,NA,NA,NA,0.367,0.359806217,-4.48E-04,7.050078063,NA,NA,NA,NA,NA,NA,NA,NA,NA,NA,NA,NA,0.148,-0.829262246,0.429115323,4.732661784,NA,NA,NA,NA,5.137347068,4.368855223,1.175902337
203114,Khris,Middleton,79,584,-0.17716526,0.158414904,3.747372243,0.384,-0.037369017,-0.05006886,7.795055167,15.1933604,-7.615927426,-0.616454085,13.13224406,10.31946442,0.303,0.186058033,0.046068534,6.856866882,13.45704113,0.206,-0.230229164,0.267865887,5.706015071,0.126,-0.554645392,0.385104728,4.68688822,NA,NA,NA,NA,0.323,0.203267718,0.013656342,7.065143264,NA,NA,NA,NA,NA,NA,NA,NA,NA,NA,NA,NA,0.133,-0.552727815,0.385994486,4.775928358,NA,NA,NA,NA,4.484314781,4.055458731,1.105747852
202681,Kyrie,Irving,74,578,0.361444026,0.02475148,2.921202846,0.472,-0.025301835,-0.029096544,8.056506416,14.54472975,-7.133443004,-0.32060666,12.67124168,8.364788159,0.394,0.320036692,0.015790406,7.25304828,17.65179099,0.201,-0.189411228,0.510165938,4.891342889,0.151,-0.339207615,0.531417902,4.079470861,NA,NA,NA,NA,0.357,0.353476944,0.065330723,6.925229332,NA,NA,NA,NA,NA,NA,NA,NA,NA,NA,NA,NA,0.166,-0.321579863,0.537166352,4.297691818,NA,NA,NA,NA,5.769837919,5.150127641,1.12032911
201960,DeMarre,Carroll,78,576,-0.092338001,-0.272583114,3.376120201,0.467,-0.202206927,-0.004062023,8.701432684,10.83731093,-4.748433974,0.433543144,9.731994824,Inf,NA,NA,NA,NA,16.36098161,0.256,-0.120406227,0.024595158,6.017258331,0.147,-0.396732268,0.040377521,4.446157733,NA,NA,NA,NA,0.34,0.065547418,-0.021204512,7.288155641,NA,NA,NA,NA,0.342,0.065339438,-0.021242736,7.313402613,NA,NA,NA,NA,0.186,-0.347832352,0.058057995,4.92733833,NA,NA,NA,NA,5.522735116,5.333209896,1.035536801
203078,Bradley,Beal,75,567,0.015057941,-0.368144648,2.819440747,0.465,-0.003207746,-0.040969016,8.697540394,14.75289938,-8.000709707,0.685210498,12.37607252,10.21445354,0.391,0.412100362,-0.077733096,7.869610719,19.0516809,0.194,-0.108840817,0.190891538,5.243900262,0.129,-0.351287236,0.193131011,4.118467891,NA,NA,NA,NA,0.341,0.498265679,-0.070194182,7.336251018,NA,NA,NA,NA,0.372,0.461841431,-0.080877966,7.674380666,NA,NA,NA,NA,0.158,-0.305446642,0.225161041,4.580925773,NA,NA,NA,NA,6.379862662,5.887226256,1.083678864
2749,Jameer,Nelson,72,565,0.223774729,-0.344784654,2.592564841,0.467,-0.040431971,-0.013077156,8.145668313,12.42853416,-7.272477541,0.342703426,10.07283903,5.635134701,0.393,0.348001112,-0.064092554,7.572090097,20.21889248,0.186,-0.254408813,0.025513006,5.189065984,0.135,-0.467751348,0.044121165,4.207553082,NA,NA,NA,NA,0.339,0.437830635,-0.09567746,7.20404239,NA,NA,NA,NA,0.31,0.412078166,-0.099131279,6.972008316,NA,NA,NA,NA,0.153,-0.445680703,0.053606477,4.540168504,NA,NA,NA,NA,6.219437495,5.569272234,1.116741512
201167,Arron,Afflalo,77,557,-0.054039741,0.127498963,3.216058122,0.486,-0.059360346,-0.021102689,9.022449681,12.53730311,-8.658526526,0.44567809,9.056227627,7.790445015,0.412,0.441821048,-0.055736738,8.405663989,20.23032678,0.118,-0.20374617,0.360074315,5.023276904,0.068,-0.423967941,0.37382177,4.097686922,NA,NA,NA,NA,0.289,0.784669404,-0.020669604,7.404746129,NA,NA,NA,NA,0.376,0.59103241,-0.064784842,8.120310252,NA,NA,NA,NA,0.087,-0.385274274,0.385856852,4.416514743,NA,NA,NA,NA,6.460240093,5.808295248,1.112243751
202349,Greivis,Vasquez,NA,542,0.064864853,0.335587753,3.633576385,0.375,-0.005459449,-0.038963551,7.327754767,15.64172964,-8.087044629,0.28875742,13.38581468,6.988435651,0.292,0.330757066,-0.025963286,6.527305267,15.38826598,0.116,-0.342313384,0.371438349,4.682348478,0.112,-0.3429062,0.375367071,4.620822349,NA,NA,NA,NA,0.289,0.331078212,-0.023587866,6.506331054,NA,NA,NA,NA,0.349,0.174987684,-0.042028278,7.003431977,NA,NA,NA,NA,0.068,-0.280595325,0.395811873,4.013503649,NA,NA,NA,NA,4.15476943,3.71378353,1.118743028
201158,Marco,Belinelli,77,539,0.078771031,0.476975159,3.440961662,0.457,-0.060648579,-0.004110632,8.435017851,13.0076077,-8.180785043,-0.558925823,10.09753515,9.410828084,0.401,0.301624073,0.032254457,7.894825156,14.97801054,0.221,0.165919813,0.235300752,5.731404136,0.11,-0.19853471,0.371714139,4.235016839,NA,NA,NA,NA,0.323,0.495147743,0.098303338,7.125691468,NA,NA,NA,NA,NA,NA,NA,NA,NA,NA,NA,NA,NA,NA,NA,NA,NA,NA,NA,NA,5.322044835,5.019111334,1.060356003
202691,Klay,Thompson,78,538,0.103793537,0.073610369,3.373565306,0.376,0.029030397,-0.021682805,8.257324766,15.15602758,-7.351104937,-0.134038175,13.25324346,10.65985549,0.307,0.342218828,6.37E-04,7.451891609,20.38226271,0.116,-0.374048318,0.167105108,4.791139377,0.093,-0.393526571,0.15974068,4.331478457,NA,NA,NA,NA,0.283,0.363331884,0.014818634,7.193497815,NA,NA,NA,NA,NA,NA,NA,NA,NA,NA,NA,NA,0.127,-0.352313519,0.168068457,5.013941491,NA,NA,NA,NA,5.336874342,4.885261179,1.092444016
201952,Jeff,Teague,75,531,1.142335277,0.097884795,2.815549176,0.404,-0.10341415,-0.033099115,6.787648364,14.13043448,-5.48853569,-0.923063678,12.9881911,11.5562536,0.338,0.100040181,0.038997747,5.991922904,14.379401,0.222,0.088498321,0.189446067,4.499017423,0.207,0.086032994,0.203334178,4.283796999,NA,NA,NA,NA,0.301,0.117762793,0.08772354,5.559145126,NA,NA,NA,NA,NA,NA,NA,NA,NA,NA,NA,NA,0.149,0.146990333,0.228915044,3.507857345,NA,NA,NA,NA,4.74238016,4.164927416,1.138646532
203141,Mirza,Teletovic,NA,528,-0.54320074,0.131239244,3.719988929,0.389,-0.019130408,-0.00619954,8.61963566,13.33146678,-6.42115842,0.796290075,11.6560136,6.606488023,0.314,0.249005077,-0.074282636,7.962210397,19.95817631,0.115,-0.5754388,0.161288387,5.593984348,0.064,-0.767449041,0.240335771,4.655204604,NA,NA,NA,NA,0.299,0.254973999,-0.086923387,7.861899906,NA,NA,NA,NA,0.274,0.241044873,-0.096657627,7.672767676,NA,NA,NA,NA,0.065,-0.767377481,0.240356771,4.671302102,NA,NA,NA,NA,5.206173679,4.929510851,1.056123789
201988,Patty,Mills,73,526,0.512127385,0.255002819,2.740031296,0.378,-0.011567365,-0.011328046,7.858204876,13.74145909,-7.062791758,0.533588071,11.77539615,10.87892061,0.329,0.241644574,-0.022072937,7.307059113,19.11772199,0.117,-0.055697745,0.224549956,4.052664364,0.148,-0.089806511,0.2014491,4.622504535,NA,NA,NA,NA,0.274,0.322486811,0.006135474,6.676997681,NA,NA,NA,NA,0.044,0.207116369,0.249100115,2.947039911,0.294,0.313193559,-0.008267045,6.918137382,0.055,0.156342244,0.249457572,3.046929904,NA,NA,NA,NA,5.454725058,5.151785042,1.058802922
201145,Jeff,Green,80,523,-0.281565814,-0.064666953,3.655416151,0.387,-0.01613908,-0.021833987,8.825964078,14.60886286,-7.935990313,0.771272977,12.24108124,8.982701164,0.318,0.350124334,-0.086163332,8.11601446,20.11521323,0.118,-0.338635705,-0.001805542,5.563327236,0.066,-0.557427664,0.011214645,4.59900771,NA,NA,NA,NA,0.272,0.41175149,-0.117015916,7.677413993,NA,NA,NA,NA,0.266,0.409235962,-0.117589444,7.615220329,NA,NA,NA,NA,0.083,-0.529389432,0.016956683,4.884222724,NA,NA,NA,NA,5.493746411,5.177533377,1.06107407
101181,Jose,Calderon,75,520,0.050063329,-0.13948093,2.946646315,0.37,0.001807429,-0.014784529,7.737774783,15.4126967,-7.073883076,0.888355195,13.66463402,9.960368475,0.288,0.339343428,-0.06876817,6.783392088,19.24948178,0.105,-0.30885147,0.208425048,4.306566902,0.098,-0.310836813,0.201698361,4.172038857,NA,NA,NA,NA,0.271,0.349746177,-0.068753509,6.612876285,NA,NA,NA,NA,0.279,0.34747872,-0.069702254,6.69359517,NA,NA,NA,NA,0.12,-0.29126695,0.21443079,4.592996194,NA,NA,NA,NA,5.161796839,4.792993827,1.076946273
203463,Ben,McLemore,75,519,-0.547905057,0.234320339,3.170290307,0.386,-0.008381455,-0.023788432,8.629184205,14.22386313,-8.040371335,0.586264347,11.71866056,8.634777796,0.318,0.341046048,-0.043610604,7.94395305,22.36932286,0.118,-0.51021658,0.265830677,5.178214027,0.06,-0.726455451,0.305588311,4.036463363,NA,NA,NA,NA,0.287,0.37352637,-0.035846853,7.666171005,NA,NA,NA,NA,0.32,0.336536886,-0.043638952,7.961228218,NA,NA,NA,NA,0.068,-0.721839029,0.307013809,4.162346404,NA,NA,NA,NA,5.792435665,5.491559747,1.054788791
202340,Avery,Bradley,75,517,0.061884532,-0.143700228,2.754368418,0.399,-0.108814537,0.024994197,7.485462523,13.91690535,-5.595215228,-0.008188729,12.74259605,11.95068312,0.335,0.110266565,0.055634604,6.700830577,15.6655999,0.152,-0.210507013,0.228850536,4.113612092,0.101,-0.266514367,0.174723544,3.359349019,NA,NA,NA,NA,0.302,0.129442286,0.089154131,6.303621317,NA,NA,NA,NA,NA,NA,NA,NA,NA,NA,NA,NA,0.168,-0.176666338,0.232159576,4.362715338,NA,NA,NA,NA,5.06667082,4.737177157,1.069554853
202704,Reggie,Jackson,75,514,-0.447045629,0.282249116,2.810599593,0.284,-0.005984458,-0.02103185,7.013118159,13.80753535,-4.811774279,0.54276056,12.9305944,9.431236551,0.227,-0.001424567,0.012850263,6.386718959,19.89909303,0.11,-0.686593894,0.335878416,4.681036038,0.072,-0.794770508,0.409379935,3.952204636,NA,NA,NA,NA,0.256,0.068761591,-0.021056507,6.67366011,NA,NA,NA,NA,0.27,0.049723964,-0.025308836,6.834852414,NA,NA,NA,NA,0.066,-0.791677177,0.411038168,3.848144081,NA,NA,NA,NA,4.481220539,4.236469827,1.057772325
201156,Nick,Young,NA,513,-0.671244526,-0.217354665,2.948008349,0.386,-0.007268072,-0.005899363,8.382895924,13.93295828,-7.574725979,1.22294701,11.6299292,9.165818678,0.311,0.342020914,-0.074719103,7.597545462,21.8869953,0.114,-0.834276417,0.254185334,4.885610113,0.067,-1.029601167,0.200850646,3.934813887,NA,NA,NA,NA,0.292,0.357519493,-0.081217116,7.421471049,NA,NA,NA,NA,0.289,0.357006098,-0.081347811,7.392903134,NA,NA,NA,NA,0.104,-0.901630712,0.256905847,4.667472341,NA,NA,NA,NA,6.02994094,5.479377795,1.100479136
101107,Marvin,Williams,80,511,-0.103171599,0.173449378,3.413059694,0.381,-0.012125703,-0.01809788,8.513781755,13.3257171,-6.970278406,-0.088815638,11.35702721,8.204408755,0.311,0.29510609,-0.018676163,7.836669728,21.27908729,0.112,-0.300730551,0.400894355,5.237065621,0.067,-0.412579583,0.441915515,4.351996626,NA,NA,NA,NA,0.276,0.324876571,-0.008615974,7.53591232,NA,NA,NA,NA,0.309,0.298611998,-0.018701649,7.820260514,NA,NA,NA,NA,0.077,-0.406102336,0.446263758,4.526166329,0.273,0.324717821,-0.006320338,7.507394186,5.419925034,5.105129308,1.061662635
202710,Jimmy,Butler,79,510,0.199494353,0.14602656,3.210008268,0.491,-0.209006043,0.031143026,9.00041555,11.60764594,-4.683491082,-1.059298221,10.56788734,10.65168539,0.16,-0.132354148,0.360721277,4.666062127,15.30538714,0.276,0.023989092,0.289265447,6.261461481,0.169,-0.134366681,0.359752471,4.765058273,NA,NA,NA,NA,0.347,0.109001766,0.207379424,7.306729279,NA,NA,NA,NA,NA,NA,NA,NA,NA,NA,NA,NA,0.158,-0.131400259,0.360764987,4.64475047,NA,NA,NA,NA,5.924286216,5.805935523,1.020384431
201163,Wilson,Chandler,80,509,0.03206002,0.178530377,3.037453411,0.476,-0.013820846,0.005877961,8.917809888,13.55389694,-9.277020277,0.239509818,9.878646262,6.211189338,0.401,0.51167718,-0.022403456,8.336830063,20.96675068,0.127,-0.304833225,0.40494296,4.647305138,0.095,-0.344376052,0.392447394,3.996685715,NA,NA,NA,NA,0.323,0.70232656,-0.001490968,7.777658751,NA,NA,NA,NA,0.375,0.614990814,-0.027966316,8.17041001,NA,NA,NA,NA,0.122,-0.31631345,0.405377206,4.542521755,NA,NA,NA,NA,6.513187291,5.883069455,1.107106986
1713,Vince,Carter,78,504,-0.174382351,0.216058921,2.915894794,0.474,-0.052501374,0.01036862,8.739778418,15.05657904,-8.746280606,1.026838233,12.21264718,7.216039946,0.315,0.595894511,-0.11557992,7.252437492,20.55489175,0.114,-0.490704816,0.337572265,4.364436079,0.103,-0.494509559,0.336748388,4.139394428,NA,NA,NA,NA,0.339,0.619178917,-0.132889281,7.432647564,NA,NA,NA,NA,0.355,0.607885279,-0.136714214,7.572353821,NA,NA,NA,NA,0.112,-0.491953316,0.337643861,4.323329635,NA,NA,NA,NA,6.400988316,5.828789235,1.098167743
201588,George,Hill,75,504,0.225047766,0.302707122,2.880844667,0.385,-0.020471462,-0.039007871,7.184185719,14.29667794,-7.046325145,-0.130901108,12.43893754,8.443810318,0.308,0.286659931,0.012951955,6.396618052,16.55484394,0.121,-0.164328824,0.548194772,4.072668037,0.124,-0.164524404,0.54521594,4.122311375,NA,NA,NA,NA,0.29,0.294758307,0.039994707,6.242877877,NA,NA,NA,NA,NA,NA,NA,NA,NA,NA,NA,NA,0.097,-0.147393417,0.55978812,3.683709264,NA,NA,NA,NA,4.710498217,4.323863208,1.089418881
203496,Robert,Covington,79,503,-0.391781459,0.337263664,3.43916723,0.39,-0.005986807,-0.011133724,8.642945132,14.84517681,-7.170165506,0.682031589,12.98086415,9.281988203,0.239,0.249098032,-0.057278318,6.977265467,19.66457552,0.116,-0.551064267,0.31850837,5.258745358,0.071,-0.701548901,0.419138759,4.427692258,NA,NA,NA,NA,0.287,0.373256423,-0.108384869,7.452685257,NA,NA,NA,NA,0.284,0.372818188,-0.108584063,7.421431479,NA,NA,NA,NA,0.063,-0.695323956,0.421640216,4.300422892,NA,NA,NA,NA,5.616458847,5.229677113,1.073959008
201229,Anthony,Tolliver,80,500,2.690222909,-2.011838215,3.083366301,0.456,-0.050183137,-0.020869635,8.872401849,12.96843729,-7.538499677,0.023192471,10.55229125,6.145548191,0.381,0.260623998,0.036822246,8.268211865,21.68322515,0.176,1.479802607,-1.181098716,5.847314026,NA,NA,NA,NA,NA,NA,NA,NA,NA,NA,NA,NA,NA,NA,NA,NA,0.039,2.459998534,-1.996678465,3.273642766,0.408,0.209172633,3.44E-04,8.44165925,0.032,2.488681458,-1.995769099,3.213711742,0.311,0.407854307,0.020535248,7.758689417,6.97608059,6.707213562,1.040086248
201976,Patrick,Beverley,73,500,-0.566413661,0.011875696,3.012553584,0.378,0.024821036,-0.014376868,7.670887301,13.5244102,-7.594366304,0.55121535,11.17727307,8.724175415,0.312,0.330460414,-0.041996584,7.014887011,18.99104125,0.117,-0.588447048,0.113076622,4.412625108,0.057,-0.744956396,0.109327279,3.441071673,NA,NA,NA,NA,0.291,0.346158048,-0.044928483,6.828972187,NA,NA,NA,NA,0.287,0.345465751,-0.045000849,6.792125754,NA,NA,NA,NA,0.088,-0.697213225,0.119899706,3.879978421,NA,NA,NA,NA,5.016923931,4.695776899,1.068390607
201166,Aaron,Brooks,72,499,0.535887267,0.50609726,2.698649138,0.465,-0.00555813,-0.002732185,7.872730302,13.95939835,-8.676718252,-0.51562617,10.92307156,6.881855274,0.391,0.446966438,0.066882761,7.227534704,19.82000087,0.193,-0.076027511,0.885380269,4.894397868,0.146,-0.230089402,1.013112672,4.025127895,NA,NA,NA,NA,0.342,0.539366323,0.174052491,6.848769296,NA,NA,NA,NA,NA,NA,NA,NA,NA,NA,NA,NA,0.144,-0.229608365,1.0133706,3.993943204,NA,NA,NA,NA,6.051788609,5.227158541,1.157758764
203138,Hollis,Thompson,NA,499,-0.248982777,-0.077692956,3.663960257,0.397,0.025751371,-0.051537709,8.694353324,14.15977536,-8.334751713,0.519629276,11.43508363,9.584987827,0.327,0.448642312,-0.070306002,7.961281162,19.0939826,0.124,-0.255534092,0.259724936,5.273131352,0.065,-0.457868418,0.242588376,4.283415522,NA,NA,NA,NA,0.278,0.536344521,-0.051709535,7.466583328,NA,NA,NA,NA,0.323,0.46238766,-0.070394719,7.922930725,NA,NA,NA,NA,0.098,-0.383713083,0.27484881,4.787773829,NA,NA,NA,NA,5.484326969,5.037957657,1.088601243
202694,Marcus,Morris Sr.,80,496,-0.090126105,-0.121686275,3.484756609,0.469,-0.032303151,-0.039120799,8.657278604,13.64329007,-7.749552906,0.560086938,11.21472676,9.182275146,0.403,0.361206191,-0.064028096,7.993312667,17.92293781,0.203,0.01127699,0.403215781,5.511275138,0.116,-0.284344134,0.417518003,4.193948682,NA,NA,NA,NA,0.339,0.507770434,-0.0203485,7.355972518,NA,NA,NA,NA,0.396,0.389043274,-0.064498459,7.928979012,NA,NA,NA,NA,0.156,-0.234658023,0.495821249,4.72468778,NA,NA,NA,NA,5.787539333,5.173504068,1.118688467
2547,Chris,Bosh,83,493,0.173539281,0.273960053,3.600571985,0.593,-0.250232241,0.030742817,8.700946351,15.40644498,-2.803505738,0.61014354,15.13692926,Inf,NA,NA,NA,NA,15.33170132,0.546,-0.150369388,0.003909518,7.983491207,0.289,-0.16979065,-0.035523058,4.545320561,NA,NA,NA,NA,0.468,-0.098510959,-0.030231458,6.801550447,NA,NA,NA,NA,0.367,-0.141131648,-0.048151433,5.408517975,NA,NA,NA,NA,NA,NA,NA,NA,NA,NA,NA,NA,5.525284419,5.123724778,1.078372602
2399,Mike,Dunleavy,81,492,0.742167901,0.795621591,3.268239933,0.428,-0.005495696,-0.010352817,8.642495203,12.75069781,-7.247685236,-0.125727027,10.48978294,10.03814424,0.388,0.238702436,0.005401617,8.234531294,17.73511753,0.195,0.148754163,0.331575885,5.586996624,0.132,0.005990136,0.487226454,4.515315511,NA,NA,NA,NA,0.302,0.46245373,0.103938898,7.305937782,NA,NA,NA,NA,NA,NA,NA,NA,NA,NA,NA,NA,NA,NA,NA,NA,NA,NA,NA,NA,5.878896018,5.485546035,1.071706623
2546,Carmelo,Anthony,NA,490,0.302911665,0.118636965,3.317395808,0.388,-0.03945944,-0.047698024,9.044815007,14.48806098,-7.993967328,0.169423949,12.08187456,9.003207547,0.32,0.340727473,-0.04284973,8.334235312,24.22852828,0.117,-0.183354444,0.288081763,5.218367908,0.084,-0.237744022,0.297030319,4.449345139,NA,NA,NA,NA,0.271,0.413901492,-0.009385262,7.853015807,NA,NA,NA,NA,0.368,0.107888542,-0.049529825,8.808550732,NA,NA,NA,NA,0.092,-0.233666327,0.29814005,4.625563163,NA,NA,NA,NA,6.139266205,5.740053657,1.069548574
202322,John,Wall,76,489,-0.285336342,0.434273082,3.070878442,0.383,-0.015333655,0.002945081,7.367620196,15.33859013,-7.019053688,-0.2611445,13.63587313,8.910209466,0.248,0.145364077,0.166668578,5.988683605,14.6585107,0.118,-0.505254382,0.551699075,4.488392713,0.077,-0.604330063,0.592620357,3.905762421,NA,NA,NA,NA,0.303,0.232931022,0.058628994,6.493534702,NA,NA,NA,NA,NA,NA,NA,NA,NA,NA,NA,NA,0.079,-0.603990933,0.592790215,3.932465414,NA,NA,NA,NA,4.656959725,4.32676958,1.076313319
202695,Kawhi,Leonard,79,481,0.248626863,0.258774409,3.280705755,0.429,-0.202267168,0.014461682,8.423233378,12.26663791,-4.670292237,-0.36170805,11.33701651,Inf,NA,NA,NA,NA,15.87939883,0.227,-0.040134534,0.235545877,5.772627951,0.128,-0.227583831,0.394342106,4.342672759,NA,NA,NA,NA,0.299,0.074536052,0.11124,6.857884523,NA,NA,NA,NA,NA,NA,NA,NA,NA,NA,NA,NA,0.113,-0.220623388,0.398621139,4.18009288,NA,NA,NA,NA,5.363928337,5.168034877,1.037904825
201943,Brandon,Jennings,73,479,-5.76E-04,-0.363549435,2.798150562,0.379,0.004559905,0.002823963,8.061563228,13.62267101,-7.252568332,-0.296453808,11.52777226,4.49828709,0.309,0.244969806,-0.067109702,7.532998884,24.15112757,0.117,-0.703291941,-0.655267868,4.730934795,0.13,-0.713678115,-0.657961303,5.043027247,NA,NA,NA,NA,0.314,0.246428197,-0.056081946,7.555630927,NA,NA,NA,NA,0.127,-0.712989445,-0.658184581,4.971570451,NA,NA,NA,NA,0.369,0.07286768,0.00436592,7.950352721,NA,NA,NA,NA,5.860170418,5.276150939,1.110690442
2590,Mo,Williams,73,477,-0.28769943,0.155924314,3.116628305,0.384,-6.57E-05,-0.013317942,7.760719498,15.30754761,-8.781302501,-0.338484664,12.53376114,7.946892244,0.303,0.405214549,0.035362304,6.960493189,18.41324608,0.117,-0.444006196,0.367966896,4.726121321,0.066,-0.634509199,0.387355857,3.870937683,NA,NA,NA,NA,0.288,0.415279101,0.052395436,6.840236979,NA,NA,NA,NA,NA,NA,NA,NA,NA,NA,NA,NA,0.083,-0.60924457,0.398743869,4.124856643,NA,NA,NA,NA,5.108782208,4.656066913,1.097231269
101114,Deron,Williams,75,476,0.677624978,0.538517354,2.763548659,0.468,-0.023540725,-0.02614587,8.131003765,13.8301401,-8.1082267,-0.254204077,11.20110777,7.643597232,0.396,0.395403783,0.010506067,7.460531798,20.37016209,0.197,-0.123882526,0.551941091,4.979931264,0.151,-0.272437665,0.659127669,4.114845673,NA,NA,NA,NA,0.345,0.489620526,0.076184559,7.024471245,NA,NA,NA,NA,NA,NA,NA,NA,NA,NA,NA,NA,0.134,-0.244091367,0.666885464,3.856940159,NA,NA,NA,NA,6.175549464,5.442430727,1.134704284
200794,Paul,Millsap,79,473,-0.559208569,0.813665434,3.868308339,0.451,-0.00652589,0.013354786,7.935435691,12.75123198,-6.679187499,-1.459063069,10.76352667,4.65888915,0.261,0.269497139,0.350000476,6.624305355,16.0751701,0.099,-0.858077366,0.901745321,5.083130094,0.078,-0.888000174,0.93235119,4.756175567,NA,NA,NA,NA,0.332,0.435891203,0.191748002,6.980040505,NA,NA,NA,NA,NA,NA,NA,NA,NA,NA,NA,NA,0.069,-0.881694283,0.93528369,4.62918049,NA,NA,NA,NA,4.868675126,4.18180346,1.164252499
203095,Evan,Fournier,79,472,0.510881778,-0.149292571,3.135243208,0.399,-0.079042272,0.005379343,7.923513411,14.48387599,-5.668859822,-0.130579918,13.32777704,13.12757018,0.365,0.076609113,0.013459031,7.474789152,17.84428485,0.207,0.140143359,0.07579311,5.109510198,0.133,0.071137467,0.054631241,3.875687636,NA,NA,NA,NA,0.28,0.20740482,0.053877963,6.324942186,NA,NA,NA,NA,NA,NA,NA,NA,NA,NA,NA,NA,0.203,0.134549632,0.075863023,5.038141627,NA,NA,NA,NA,5.180170979,4.82695197,1.073176409
101145,Monta,Ellis,75,466,-0.112221152,-0.508387228,3.083017319,0.467,-0.002389662,-0.013209041,8.178960297,14.33582462,-8.547021697,0.490995954,11.49883518,7.671182378,0.392,0.401871608,-0.068581742,7.492595779,17.75908814,0.189,-0.427730478,-0.073259522,5.084763086,0.13,-0.700324624,-0.137928201,4.1026616,NA,NA,NA,NA,0.352,0.443870677,-0.093836732,7.169091516,NA,NA,NA,NA,0.337,0.434907227,-0.095803953,7.0309433,NA,NA,NA,NA,0.221,-0.155126576,-0.067207632,5.63971005,NA,NA,NA,NA,5.808509463,5.121122849,1.134225762
201571,D.J.,Augustin,71,465,-0.209281087,0.193687184,2.853922089,0.391,-0.051187118,0.002314465,7.630568151,14.89502197,-7.80823201,0.042092387,12.68429819,8.858770785,0.323,0.29665748,0.004188693,6.930674544,18.29884909,0.128,-0.343634665,0.380237281,4.445632758,0.074,-0.50973319,0.379622412,3.536289983,NA,NA,NA,NA,0.286,0.342073746,0.02946873,6.588737035,NA,NA,NA,NA,0.35,0.202072027,6.42E-04,7.176418693,NA,NA,NA,NA,0.1,-0.464491127,0.397467545,3.944114368,NA,NA,NA,NA,5.143401992,4.783091554,1.075330032
201609,Goran,Dragic,75,464,-0.33979655,-0.525853938,2.724274299,0.397,-0.160444033,0.00927211,7.628321572,14.43813894,-4.116388254,1.206427105,13.78621549,12.65863854,0.333,-0.054957521,-0.108947361,6.793582388,17.95830191,0.197,-0.450757506,-0.54465307,4.750083989,0.108,-0.664346261,-0.732751577,3.3032071,NA,NA,NA,NA,0.342,-0.052811741,-0.087787548,6.90758649,NA,NA,NA,NA,0.103,-0.66321599,-0.733435448,3.240714099,NA,NA,NA,NA,NA,NA,NA,NA,NA,NA,NA,NA,5.264490667,4.936416399,1.066460007
203506,Victor,Oladipo,76,458,-0.286090765,0.29523971,3.177979391,0.394,-0.006690984,-0.013181106,8.326564331,13.09164656,-7.799557308,-0.256130584,10.51154187,4.866360382,0.317,0.42252456,0.026907798,7.767189172,23.93323231,0.114,-0.427397967,0.589967017,5.236768399,0.065,-0.646281985,0.589256558,4.155432844,NA,NA,NA,NA,0.273,0.4960095,0.093355571,7.51652629,NA,NA,NA,NA,NA,NA,NA,NA,NA,NA,NA,NA,0.088,-0.589941537,0.611089132,4.627575928,NA,NA,NA,NA,5.724677067,5.165376512,1.108278758
2746,Josh,Smith,NA,457,-0.988391328,-0.599722591,3.747647107,0.39,-2.81E-04,0.017698115,8.505136745,14.53505984,-6.970013798,-0.340001902,12.75034396,7.627696672,0.242,0.215647608,0.017368905,7.126926351,19.16942296,0.105,-0.986911142,-0.477846579,5.358552288,0.059,-1.190740455,-0.608430051,4.521403052,NA,NA,NA,NA,0.293,0.340860287,0.064283343,7.537897569,NA,NA,NA,NA,0.036,-1.151304405,-0.621912028,4.170933274,NA,NA,NA,NA,0.293,0.340860287,0.064283343,7.537897569,NA,NA,NA,NA,5.370867851,4.898089285,1.09652306
202325,Wesley,Johnson,79,453,-0.340835373,0.388273878,3.677053034,0.376,-0.070551188,-0.021557541,8.383685221,15.48496502,-7.499888584,-0.317718051,13.54381291,10.2564227,0.305,0.252575682,0.030935477,7.55809919,16.75918029,0.119,-0.341042635,0.292852161,5.155364476,0.059,-0.503138418,0.380154248,4.2348439,NA,NA,NA,NA,0.28,0.272538749,0.060166333,7.297495664,NA,NA,NA,NA,NA,NA,NA,NA,NA,NA,NA,NA,0.014,-0.397816806,0.389809126,3.77705974,NA,NA,NA,NA,4.937799269,4.732166721,1.043454206
201975,Jodie,Meeks,76,452,0.019413673,0.025445624,2.923279191,0.404,-0.083098818,-0.002843043,8.383323645,10.08184853,-4.002426661,-0.38720423,9.245232469,9.129645487,0.388,-0.02932398,0.00511706,8.236569584,22.22417577,0.19,-0.394319174,0.25851336,5.294786406,0.123,-0.531834653,0.289103467,3.894429365,NA,NA,NA,NA,0.348,0.021680012,0.039071604,7.862317124,NA,NA,NA,NA,NA,NA,NA,NA,NA,NA,NA,NA,0.138,-0.523409453,0.292398372,4.180132335,NA,NA,NA,NA,5.887702472,5.461079975,1.078120536
201596,Mario,Chalmers,74,451,-0.147158299,0.249577139,3.012415267,0.452,-0.008609901,-0.033050081,7.673281596,12.94598842,-6.83003533,0.279024939,10.99415202,6.002763029,0.373,0.292982884,-0.060092838,7.037187213,17.76620761,0.172,-0.315747847,0.530540922,4.891208051,0.117,-0.489602178,0.630053061,3.973908614,NA,NA,NA,NA,0.339,0.310795312,-0.049002356,6.819817489,NA,NA,NA,NA,0.366,0.300180764,-0.060583362,6.995071337,NA,NA,NA,NA,0.128,-0.482450579,0.635759156,4.14521533,NA,NA,NA,NA,5.197904449,4.671482499,1.112688413
202335,Patrick,Patterson,80,440,-1.188634731,0.533887347,3.463006344,0.371,0.023697398,-0.041181735,7.898360825,14.75577617,-7.126982012,-0.229604519,12.91844958,7.258099154,0.296,0.169270302,0.004448333,7.168539547,20.71539542,0.11,-1.478079998,0.640614137,4.81850833,0.084,-1.50983036,0.654815235,4.295685461,NA,NA,NA,NA,0.321,0.210599868,-0.015930473,7.358065957,NA,NA,NA,NA,NA,NA,NA,NA,NA,NA,NA,NA,0.082,-1.5095855,0.654886908,4.258270034,NA,NA,NA,NA,5.318250656,4.633877752,1.147689029
201627,Anthony,Morrow,77,439,0.244742968,0.45111147,3.644475446,0.348,0.00645083,-0.015973482,7.905092553,15.92519883,-7.508484654,-1.542415362,13.95906769,10.9959792,0.289,0.239891473,0.146609856,7.187642121,15.93732156,0.188,0.022537452,0.555593458,5.825210574,0.134,-0.175289505,0.724467815,5.009941865,NA,NA,NA,NA,0.274,0.246523633,0.203134933,7.021622345,NA,NA,NA,NA,NA,NA,NA,NA,NA,NA,NA,NA,0.127,-0.172668588,0.726765496,4.909920946,NA,NA,NA,NA,4.6166017,4.29276247,1.075438423
2755,Kevin,Martin,79,434,0.383445036,-0.836541378,3.467650192,0.272,-0.226666884,0.071444026,7.62135479,17.36754988,-1.560650707,-1.948492788,17.18719099,15.69481028,0.154,-0.097015712,0.054874794,5.659509492,15.82959636,0.133,-0.059821633,-0.007926481,5.328128365,NA,NA,NA,NA,NA,NA,NA,NA,NA,NA,NA,NA,NA,NA,NA,NA,NA,NA,NA,NA,NA,NA,NA,NA,0.217,-0.163639307,0.125191052,6.685454161,NA,NA,NA,NA,4.407283021,4.295338861,1.026061776
201977,Marcus,Thornton,NA,430,-0.490227145,0.464378053,3.322907182,0.401,-0.051059736,0.041276038,8.352543515,12.89514004,-7.594378126,0.174291533,10.42015739,6.194574009,0.328,0.341587877,0.04000338,7.78805179,22.44336373,0.126,-0.45097783,0.528802336,5.451155646,0.069,-0.727042403,0.562744428,4.29547144,NA,NA,NA,NA,0.284,0.409308291,0.08225545,7.493444632,NA,NA,NA,NA,0.355,0.235463636,0.034863658,7.961135856,NA,NA,NA,NA,0.087,-0.698297066,0.571053887,4.618567116,NA,NA,NA,NA,5.490293847,5.066470663,1.083652549
203501,Tim,Hardaway Jr.,77,430,-0.490080079,0.393202205,3.274077781,0.378,-0.001375949,-0.036738896,8.421869853,13.5089573,-7.099767882,0.011371817,11.49282794,8.26828341,0.309,0.321593101,-0.044498027,7.750160206,21.91234473,0.115,-0.506248417,0.507791696,5.020510845,0.062,-0.687628597,0.56671067,3.965024138,NA,NA,NA,NA,0.277,0.361864656,-0.031084287,7.474018271,NA,NA,NA,NA,0.309,0.321593101,-0.044498027,7.750160206,0.058,-0.686352272,0.56306159,3.903490622,0.071,-0.68092518,0.569955803,4.116552944,0.286,0.358570111,-0.038235871,7.555720658,5.535079306,5.188780617,1.066739898
201564,O.J.,Mayo,77,426,-0.744952256,0.288181941,2.803655387,0.392,-0.019178311,-0.024929603,8.051402365,15.05854348,-7.338789492,0.8710397,13.12033499,7.996911884,0.242,0.216237983,-0.034390024,6.566377744,22.20437506,0.112,-0.83579369,0.483689918,4.685436326,0.065,-1.051258167,0.537517857,3.713311622,NA,NA,NA,NA,0.294,0.344620903,-0.115187643,7.020447727,NA,NA,NA,NA,0.294,0.344620903,-0.115187643,7.020447727,NA,NA,NA,NA,0.077,-1.035127022,0.547226839,3.93735051,NA,NA,NA,NA,5.845118392,5.306942151,1.101409856
202703,Nikola,Mirotic,82,426,-0.639281725,0.178236113,3.435921139,0.377,-0.017733185,-0.00208249,8.505234733,14.78592188,-6.589766666,0.590627625,13.22307151,10.18808628,0.299,0.155084414,-0.045925432,7.608398529,19.0100128,0.107,-0.943306197,0.082679958,5.090122584,0.068,-1.033665036,0.149110597,4.381549957,NA,NA,NA,NA,0.321,0.176800725,-0.03418896,7.835305828,NA,NA,NA,NA,0.258,0.04161681,-0.056807558,7.175808294,NA,NA,NA,NA,0.01,-0.730612852,0.179015553,3.55399018,NA,NA,NA,NA,5.486116455,5.110457681,1.073507853
202339,Eric,Bledsoe,73,421,0.468609965,0.363795831,3.226896561,0.58,-0.039766582,0.036345017,7.572222223,16.39665285,-8.229442573,0.006196694,14.18190612,-2.750827944,0.048,0.227988701,0.374942526,3.081638656,14.81282004,0.304,-0.320648076,0.547737367,4.525649736,0.247,-0.486896636,0.586694309,3.758598945,NA,NA,NA,NA,0.476,0.36035167,0.070910659,6.371371776,NA,NA,NA,NA,0.019,0.361307145,0.35897858,3.166171362,0.525,0.281739766,0.036093073,6.878431692,0.261,-0.474600922,0.591889176,3.921592084,NA,NA,NA,NA,5.746315128,4.387200231,1.309790943
203477,Isaiah,Canaan,NA,420,-0.346529744,0.290113707,2.759948415,0.39,0.013013559,-0.045406922,8.082557849,13.88491312,-8.568324989,0.227973813,10.92349062,6.249287643,0.319,0.435767186,-0.062606289,7.494403464,24.08059365,0.119,-0.355853065,0.428441652,4.908132884,0.065,-0.589778726,0.466937774,3.747085016,NA,NA,NA,NA,0.275,0.506579201,-0.038167772,7.18278712,NA,NA,NA,NA,0.316,0.445159864,-0.062724945,7.475647626,NA,NA,NA,NA,0.078,-0.573212789,0.472797318,3.981933709,NA,NA,NA,NA,5.77766784,5.345279849,1.080891553
1891,Jason,Terry,74,417,0.086725041,0.184564037,3.131398141,0.481,-0.020805884,0.004455596,8.427119625,13.73202821,-9.51871385,-0.545160686,9.88258495,8.349930926,0.41,0.48695471,0.052491443,7.795944526,14.15216371,0.147,-0.41086494,0.370446856,4.728438283,0.131,-0.422013991,0.364325928,4.502596734,NA,NA,NA,NA,0.353,0.638398845,0.111529701,7.300391464,NA,NA,NA,NA,NA,NA,NA,NA,NA,NA,NA,NA,0.157,-0.391475059,0.371542152,4.869762344,NA,NA,NA,NA,5.899649688,5.299874337,1.113167844
201150,Spencer,Hawes,85,416,-0.214424609,-0.009277805,3.792427138,0.368,0.002010576,-0.002049236,7.911591991,15.1879396,-7.280926668,-0.176773993,13.32780429,7.641335543,0.286,0.278436458,0.037830772,7.088913389,16.68425719,0.106,-0.615229487,0.297062662,5.042254289,0.106,-0.615229487,0.297062662,5.042254289,NA,NA,NA,NA,0.292,0.279755904,0.032636954,7.134883037,NA,NA,NA,NA,NA,NA,NA,NA,NA,NA,NA,NA,0.13,-0.586579414,0.310368169,5.433705733,NA,NA,NA,NA,4.597298899,4.124853395,1.114536314
202391,Jeremy,Lin,75,415,-0.331350826,0.014650149,3.078044996,0.389,-0.020937983,-0.012312758,8.061355187,13.99163286,-6.607998514,0.199507399,12.33127498,8.31727531,0.316,0.264661108,-0.031414306,7.327083214,20.11569982,0.121,-0.526056664,0.134785526,4.885029784,0.073,-0.711161057,0.140624245,4.00110804,NA,NA,NA,NA,0.294,0.278468058,-0.033235978,7.140375084,NA,NA,NA,NA,0.298,0.278082897,-0.033314121,7.175347681,NA,NA,NA,NA,0.091,-0.679256661,0.145319188,4.301093368,NA,NA,NA,NA,5.32951932,4.993041517,1.067389346
203079,Dion,Waiters,75,414,0.304979282,0.400565351,2.961370719,0.485,-0.029047246,-0.017160027,8.74807687,14.52883551,-7.731564019,0.590507523,12.28663013,8.066638245,0.335,0.432013224,0.077294372,7.344684328,19.39592988,0.125,-0.478235856,0.699887493,4.360050161,0.134,-0.482581585,0.696821361,4.53398995,NA,NA,NA,NA,0.351,0.438399398,0.054291263,7.474976615,NA,NA,NA,NA,0.456,0.164370388,-0.028106837,8.41559616,NA,NA,NA,NA,0.123,-0.476093459,0.700000154,4.321259304,NA,NA,NA,NA,6.556022449,5.811371291,1.12813691
101141,Ersan,Ilyasova,81,411,-0.774195103,-0.178647525,3.575329355,0.467,-0.025008015,-0.030859967,8.351719733,13.05446611,-6.627431251,0.657942596,11.22779372,6.592014394,0.32,0.125071015,-0.042255602,7.215181584,16.03746041,0.188,-0.773814716,0.224406837,5.732632015,0.114,-1.056785023,0.21054385,4.59397851,NA,NA,NA,NA,0.381,0.250046073,-0.078476911,7.645949821,NA,NA,NA,NA,0.364,0.241229654,-0.080638966,7.528760023,NA,NA,NA,NA,0.154,-0.987136777,0.257628653,5.201752319,NA,NA,NA,NA,5.37835589,4.837047395,1.111908867
201162,Jared,Dudley,78,406,-0.221666672,0.525564438,2.849217075,0.392,0.003542152,0.011425513,8.523051827,15.3424211,-7.944271708,-0.964852282,13.08997679,10.29179056,0.312,0.409027758,0.111820107,7.61340421,22.27098424,0.122,-0.257775919,0.56056032,4.907485084,0.068,-0.451872361,0.608196318,3.816060959,NA,NA,NA,NA,0.277,0.446986377,0.176615388,7.246110853,NA,NA,NA,NA,NA,NA,NA,NA,NA,NA,NA,NA,0.069,-0.451860702,0.608251435,3.833078159,NA,NA,NA,NA,5.983266009,5.701531254,1.049413875
200826,J.J.,Barea,70,401,0.575213126,0.135388104,2.885720306,0.561,-0.022040327,-0.005445728,7.427730689,14.01492654,-6.653727044,-0.298731339,12.33113303,0.269635956,0.071,0.232635892,0.135625008,2.95899576,14.69823719,0.307,-0.356499953,0.228048961,4.41572707,0.251,-0.479412697,0.229380532,3.669309128,NA,NA,NA,NA,0.48,0.232656895,0.039577675,6.578795206,NA,NA,NA,NA,0.024,0.45061959,0.129613099,2.92996199,0.077,0.205821004,0.135141431,2.960655247,0.063,0.268600967,0.135920594,2.956790293,0.213,-0.406254579,0.204005635,3.349070667,5.393282996,4.583274395,1.176731422
2406,Caron,Butler,79,396,0.463909851,0.323682835,3.237042211,0.465,-0.063472501,0.085271984,8.72219991,11.18145064,-5.839710172,0.448983203,9.524759194,10.93579753,0.149,0.070761545,0.248944384,4.767461937,15.165148,0.251,0.248063891,0.164118535,6.172412364,0.154,0.06986359,0.249108466,4.823294816,NA,NA,NA,NA,0.326,0.370698735,0.082180432,7.250556879,NA,NA,NA,NA,0.141,0.074991937,0.248478345,4.679142791,0.249,0.242881484,0.166742517,6.142082308,0.153,0.069917706,0.249128248,4.811967195,NA,NA,NA,NA,5.658004577,5.51560757,1.025817103
203109,Jae,Crowder,78,396,-0.488686304,0.340986798,3.373022083,0.393,0.019188184,-0.039695348,7.962126734,13.68236708,-7.197337389,0.719433828,11.61412581,7.599591083,0.317,0.289468882,-0.027114246,7.239481306,18.58551725,0.123,-0.736359793,0.58718398,4.812484296,0.08,-0.81459191,0.584572553,4.070388818,NA,NA,NA,NA,0.318,0.289513565,-0.028198488,7.247081109,NA,NA,NA,NA,0.362,0.200952858,-0.050920003,7.617723734,NA,NA,NA,NA,0.103,-0.790381528,0.595180839,4.44629306,NA,NA,NA,NA,5.139000733,4.632789321,1.109267091
203503,Tony,Snell,78,396,0.035172273,0.128314113,2.684848948,0.377,-0.013967567,-0.046986347,7.791518461,14.07858338,-6.552430822,-0.233926708,12.45862908,8.426754402,0.308,0.209612,0.002247146,7.078982257,20.86795529,0.115,-0.517724691,0.392514921,4.127437786,0.134,-0.538619041,0.397002109,4.518259858,NA,NA,NA,NA,0.308,0.209612,0.002247146,7.078982257,NA,NA,NA,NA,NA,NA,NA,NA,NA,NA,NA,NA,0.13,-0.537458337,0.397425355,4.43761231,NA,NA,NA,NA,5.521602163,5.109913746,1.080566608
201584,Courtney,Lee,77,384,0.841793738,0.269789726,3.392536478,0.462,-0.05157762,0.084816618,8.324213375,12.97685278,-8.827275287,-1.472801289,9.397274902,9.382258722,0.451,0.042477601,0.101820199,8.220945155,14.88538049,0.245,0.592482769,0.59948473,5.833963275,0.152,0.401303353,0.749259295,4.561413722,NA,NA,NA,NA,0.308,0.698661727,0.406967187,6.735503969,NA,NA,NA,NA,NA,NA,NA,NA,NA,NA,NA,NA,0.159,0.402882982,0.750512527,4.642097606,NA,NA,NA,NA,5.451102261,5.015352873,1.086883097
201565,Derrick,Rose,74,381,1.603802842,-0.132019606,2.928106014,0.585,-0.099257428,-0.024104288,9.137574586,10.77531509,-7.871466044,0.062976443,7.35822475,14.67113243,0.265,0.143545082,0.405446775,4.798283425,18.32500158,0.349,0.288009249,0.284570729,6.236085465,0.278,0.135387152,0.400509787,4.995976187,NA,NA,NA,NA,0.442,0.518535955,0.075471429,7.794865595,NA,NA,NA,NA,0.58,-0.060445459,-0.024266735,9.100671065,NA,NA,NA,NA,0.262,0.147551701,0.405592656,4.754236015,NA,NA,NA,NA,7.531583787,6.439686323,1.169557554
203468,CJ,McCollum,75,379,-0.13695603,0.004091158,2.805575199,0.381,0.001754159,-0.001332555,7.679160553,15.92026767,-8.073384248,0.450959699,13.71393542,10.99866805,0.306,0.374394289,-0.019114948,6.769175972,18.1240966,0.119,-0.259974801,0.144885094,4.233258903,0.068,-0.376333354,0.131657046,3.401098125,NA,NA,NA,NA,0.276,0.401999268,-0.013198656,6.433737441,NA,NA,NA,NA,0.308,0.370424063,-0.019131496,6.791177201,NA,NA,NA,NA,0.105,-0.309278207,0.146697914,3.981409359,NA,NA,NA,NA,5.162410763,4.875561931,1.058834004
203118,Mike,Scott,79,378,0.073694267,-0.127683443,3.174277759,0.452,-0.003608476,-0.001751344,8.808472662,13.45897937,-7.893541681,-0.432326625,10.89262223,7.182066218,0.305,0.544998348,0.141067589,7.600584508,20.94002989,0.106,-0.540994418,0.276173875,4.488370075,0.12,-0.558794507,0.307965842,4.779247833,NA,NA,NA,NA,0.315,0.548492792,0.130762716,7.672879108,NA,NA,NA,NA,NA,NA,NA,NA,NA,NA,NA,NA,0.14,-0.516154081,0.322178129,5.175963702,NA,NA,NA,NA,6.323645518,5.636132257,1.121983167
2210,Richard,Jefferson,79,370,-0.671107491,0.166353236,3.219425518,0.489,-0.104440354,-0.053775663,8.923780728,13.42821821,-7.518083909,0.877860402,11.09165541,8.269672541,0.414,0.314835714,-0.166251059,8.200930014,17.77909792,0.121,-0.467144045,0.138613584,4.87996213,0.054,-0.800435943,0.231362955,3.859333333,NA,NA,NA,NA,0.298,0.558174356,-0.281486978,7.066200198,NA,NA,NA,NA,0.298,0.558174356,-0.281486978,7.066200198,NA,NA,NA,NA,0.063,-0.794155523,0.233108719,3.9741994,NA,NA,NA,NA,6.246928073,5.73665728,1.088949151
201568,Danilo,Gallinari,82,366,-0.808618717,0.356235903,4.303014305,0.397,-0.023463383,0.003321918,8.512778726,12.58321925,-6.198057984,-0.331855886,10.94583737,6.105928684,0.242,0.076072607,0.129390531,7.274121418,15.38233503,0.105,-0.817426536,0.536858577,5.803825259,0.06,-0.954749883,0.553945371,5.129502201,NA,NA,NA,NA,0.312,0.22933526,0.024145002,7.754830035,NA,NA,NA,NA,NA,NA,NA,NA,NA,NA,NA,NA,0.076,-0.937789081,0.567201126,5.3653735,NA,NA,NA,NA,4.676588341,4.296874871,1.088369683
201951,Ty,Lawson,71,365,0.084525673,-0.163197494,2.986059924,0.452,-0.108090898,-0.085424184,7.413349502,12.29490929,-6.989573908,0.514714952,10.10176814,9.169754157,0.391,0.191358101,-0.10172056,6.834708367,14.27349458,0.23,-0.013794858,0.061195229,4.964929027,0.136,-0.293997044,0.133353778,3.731893397,NA,NA,NA,NA,0.328,0.285476548,-0.07674229,6.235519758,NA,NA,NA,NA,0.393,0.185231302,-0.101740907,6.8530485,NA,NA,NA,NA,0.149,-0.286406429,0.135855197,3.878077404,NA,NA,NA,NA,4.813866997,4.432160065,1.0861221
203521,Matthew,Dellavedova,75,363,0.11997833,0.548455897,2.452464182,0.359,-0.009772591,-0.027705757,7.746005456,15.55444557,-7.915954027,0.855019125,13.36216266,8.643378236,0.293,0.265379471,-0.005557659,7.026977507,22.95604886,0.106,-0.478417631,0.807961962,3.877533478,0.127,-0.510432783,0.787751306,4.350303444,NA,NA,NA,NA,0.288,0.266507343,0.002819206,6.983716639,NA,NA,NA,NA,0.336,0.14566712,-0.037825766,7.447854155,NA,NA,NA,NA,0.103,-0.469284794,0.808333888,3.808688085,NA,NA,NA,NA,5.849610543,5.326384962,1.098232776
201147,Corey,Brewer,81,359,0.306708641,-0.325754213,3.501177678,0.409,-0.183232295,0.027910485,8.11188573,12.00571228,-4.713616148,-0.430083671,11.03331221,Inf,NA,NA,NA,NA,16.86416144,0.209,-0.010358578,0.160955015,5.481661256,0.125,-0.103716,0.128134634,4.189604902,NA,NA,NA,NA,0.276,0.055383786,0.120754353,6.544412259,NA,NA,NA,NA,NA,NA,NA,NA,NA,NA,NA,NA,0.182,-0.05247762,0.166926673,5.030229109,NA,NA,NA,NA,5.000858048,4.650134362,1.075422269
200752,Rudy,Gay,80,355,-0.308908951,0.4541342,3.390529528,0.377,0.020749182,-0.033902622,8.62373271,16.51515691,-8.138677932,0.154528695,14.36970598,9.604711079,0.295,0.465201493,-0.049341295,7.67111467,22.91031837,0.112,-0.576194323,0.48323574,5.079025027,0.073,-0.672848061,0.508300119,4.239471826,NA,NA,NA,NA,0.274,0.490116856,-0.03527713,7.466425601,NA,NA,NA,NA,0.305,0.437406341,-0.050628017,7.767499921,NA,NA,NA,NA,0.076,-0.67225849,0.508471881,4.296664544,NA,NA,NA,NA,5.783566079,5.266238693,1.098234701
2736,Luol,Deng,81,353,-0.065464471,0.322966324,3.668987781,0.474,-0.040154811,-0.004733109,8.662878317,13.26803791,-8.155103685,0.045271735,10.46580452,8.830059342,0.395,0.421362975,0.016302065,7.914918857,15.06080476,0.124,-0.392040034,0.317543894,4.769575735,0.088,-0.435772176,0.318980215,4.25093943,NA,NA,NA,NA,0.323,0.554575943,0.076432715,7.267788104,NA,NA,NA,NA,0.061,-0.408290984,0.317785367,3.947206508,0.405,0.383314348,0.010844045,8.003337172,0.102,-0.428960815,0.319449249,4.443596021,NA,NA,NA,NA,5.566419597,5.004694814,1.112239568
202713,Kyle,Singler,80,351,-0.765537544,0.36793644,3.183367898,0.299,-0.014635219,0.01178673,7.470837868,14.8349767,-4.542998153,-0.158143913,14.12135588,9.857663989,0.227,-0.089005018,0.093549934,6.610367925,18.85624604,0.117,-0.888055065,0.40302846,5.038204039,0.069,-1.081817848,0.495422325,4.18501326,NA,NA,NA,NA,0.269,0.062008822,0.028928985,7.061841614,NA,NA,NA,NA,NA,NA,NA,NA,NA,NA,NA,NA,0.069,-1.081817848,0.495422325,4.18501326,NA,NA,NA,NA,4.658814799,4.367275542,1.066755407
202697,Iman,Shumpert,77,350,-0.172486916,0.104522224,3.142981642,0.472,-0.103348507,-0.068552024,9.011798681,12.26429783,-6.787712112,0.562313629,10.19920433,9.339953824,0.417,0.179064392,-0.084374426,8.481992756,16.23861963,0.163,-0.41379624,0.433759582,5.119713975,0.129,-0.443432985,0.435347193,4.581733419,NA,NA,NA,NA,0.356,0.299238876,-0.048072573,7.8892023,NA,NA,NA,NA,0.421,0.164431918,-0.084469605,8.519359654,NA,NA,NA,NA,0.145,-0.437331706,0.441567182,4.83063927,NA,NA,NA,NA,6.185163004,5.871775562,1.053371836
202699,Tobias,Harris,80,347,0.815536718,0.052839283,3.529276306,0.413,-0.113891995,-0.005946889,8.660241929,14.44578149,-5.753281392,0.330859787,13.24654249,13.24654003,0.412,-0.108138714,-0.006277749,8.646995387,18.39327322,0.211,0.286941256,0.115652756,5.642973331,0.165,0.275290171,0.147431522,4.817260925,NA,NA,NA,NA,0.241,0.293191629,0.089752842,6.188509622,NA,NA,NA,NA,0.391,-0.001003749,-0.009514409,8.368589912,NA,NA,NA,NA,0.111,0.315654398,0.162995065,4.017718201,NA,NA,NA,NA,5.532267591,5.214796426,1.060878918
203087,Jeremy,Lamb,77,345,0.132845898,0.039243797,2.940253246,0.374,-0.021973666,-0.0512636,7.973916271,14.82069403,-7.685444698,0.131282521,12.67160907,9.246383808,0.309,0.244389273,-0.022454164,7.272106508,21.22603801,0.115,-0.309676618,0.329476614,4.456602303,0.122,-0.310974807,0.335526159,4.604838177,NA,NA,NA,NA,0.298,0.24853993,-0.008932145,7.169974926,NA,NA,NA,NA,0.358,0.089069379,-0.05258306,7.774262103,NA,NA,NA,NA,0.141,-0.301716388,0.342723059,4.991883176,NA,NA,NA,NA,5.38294302,5.036856573,1.0687108
202390,Gary,Neal,NA,337,0.591222947,0.268242436,2.877378444,0.403,-0.023077724,-0.01473948,8.513193566,14.03598468,-9.288498097,0.699432075,10.49968875,9.693489459,0.335,0.467450204,-0.024067473,7.814388935,21.93968562,0.124,0.328147639,0.254073533,4.825222582,0.08,0.214237104,0.280644694,3.921893824,NA,NA,NA,NA,0.26,0.690628738,0.045720168,7.01762771,NA,NA,NA,NA,0.362,0.305889212,-0.030128316,8.080172309,NA,NA,NA,NA,0.072,0.219783371,0.281349793,3.787595414,NA,NA,NA,NA,5.971390359,5.676253709,1.051994972
203096,Jared,Sullinger,NA,336,-0.302386217,-0.147893811,3.236551967,0.459,-0.036387347,-0.006740786,8.744421365,14.70964928,-7.803979239,1.135453723,12.41702197,9.633389742,0.299,0.382327844,-0.096878958,7.012538428,17.35184188,0.123,-0.607396702,0.116854928,4.632903129,0.1,-0.632511835,0.101854476,4.238582133,NA,NA,NA,NA,0.325,0.39734199,-0.093389842,7.266925501,NA,NA,NA,NA,0.3,0.383518473,-0.096890311,7.022172411,NA,NA,NA,NA,0.127,-0.597416391,0.117256325,4.702261188,NA,NA,NA,NA,5.969194205,5.516095075,1.082141284
2550,Kirk,Hinrich,76,335,0.96144763,-0.220225525,2.939788873,0.413,-0.293841261,0.020789027,7.30898983,12.95400999,-3.891485895,-0.234877995,12.35344263,11.98065772,0.294,0.00155251,0.045899622,5.862779055,13.61859523,0.227,0.119926758,0.066951149,4.988663587,NA,NA,NA,NA,NA,NA,NA,NA,NA,NA,NA,NA,NA,NA,NA,NA,0.288,0.013570396,0.045607267,5.79035982,NA,NA,NA,NA,0.163,0.236237849,0.089657025,4.148622809,0.138,0.294461159,0.083417903,3.862175335,4.725636642,4.552335139,1.038068705
2734,Devin,Harris,75,330,0.254464287,0.31496831,2.858025856,0.468,0.008644685,-0.019177505,8.146948843,13.34573487,-7.860887472,1.133703413,10.72519482,6.710008919,0.387,0.483870937,-0.099751797,7.462140385,20.10745072,0.112,-0.205140331,0.473414466,4.108210195,0.121,-0.209022839,0.470398663,4.288425081,NA,NA,NA,NA,0.315,0.636340691,-0.072897041,6.937975799,NA,NA,NA,NA,0.362,0.56563394,-0.110555247,7.290031564,NA,NA,NA,NA,0.108,-0.201094332,0.473752339,4.027816808,NA,NA,NA,NA,5.909758253,5.305166073,1.113962913
200782,P.J.,Tucker,77,325,0.608942826,0.267402,3.533459299,0.445,-0.16548864,-0.005168511,8.480446386,10.59643671,-4.614218519,0.092227827,9.538603281,9.460966576,0.125,0.102639966,0.392800576,4.546867015,14.95938544,0.236,0.118596551,0.22202466,6.002414352,0.167,0.065232271,0.360104065,5.019288455,NA,NA,NA,NA,0.294,0.159590818,0.099736462,6.840375268,NA,NA,NA,NA,0.438,-0.134234917,-0.00549833,8.413328678,NA,NA,NA,NA,0.122,0.108699473,0.39286183,4.518483839,NA,NA,NA,NA,5.162106406,5.014650538,1.029405014
977,Kobe,Bryant,78,323,-0.529056548,0.336020913,2.940713304,0.405,-0.00715229,-0.019058542,8.538691435,14.42192077,-7.552993027,0.52907677,12.2745335,10.08013222,0.329,0.368263159,-0.049824468,7.70244225,19.15765229,0.056,-0.852343058,0.502916759,3.872622144,0.077,-0.888344226,0.528458081,4.266032158,NA,NA,NA,NA,0.286,0.416643859,-0.033337823,7.256412015,NA,NA,NA,NA,0.32,0.386865241,-0.050765156,7.611635391,NA,NA,NA,NA,0.082,-0.885860413,0.529495698,4.354232849,NA,NA,NA,NA,6.130204816,5.633455834,1.088178375
202362,Lance,Stephenson,78,323,-0.415848111,-0.050840733,3.567036044,0.39,0.008487908,-0.004670132,8.272026373,13.19012062,-7.868685609,0.434804343,10.57705129,6.897465445,0.314,0.415389334,-0.052747183,7.62894102,18.812309,0.115,-0.317852582,0.117839081,5.339530834,0.057,-0.592982323,0.110796185,4.343670639,NA,NA,NA,NA,0.268,0.481555007,-0.067034072,7.28365369,NA,NA,NA,NA,0.277,0.478379433,-0.068198201,7.35915318,NA,NA,NA,NA,0.086,-0.519242446,0.132390716,4.807209087,NA,NA,NA,NA,5.099369551,4.724312307,1.079388749
203544,Pero,Antic,83,317,-0.250570671,0.378757363,3.703198513,0.451,-0.001817895,0.007483759,8.231850451,15.43206083,-7.801094929,-0.451605822,13.30742167,7.502370455,0.291,0.364816954,0.187389633,6.668176253,14.10360988,0.168,-0.444924136,0.825465286,5.372786918,0.115,-0.655768554,0.886169804,4.661034589,NA,NA,NA,NA,0.333,0.436771974,0.059695674,7.000894926,NA,NA,NA,NA,NA,NA,NA,NA,NA,NA,NA,NA,0.132,-0.634977523,0.905699457,4.880362231,NA,NA,NA,NA,5.326423914,4.550649449,1.170475549
203482,Kelly,Olynyk,83,314,0.170010021,0.016769125,3.62120333,0.429,-0.108206841,-0.021652293,8.118428183,12.6987398,-8.439948723,-0.155245827,9.486893947,8.232127278,0.371,0.24916792,-0.004948803,7.615961444,14.35196412,0.195,0.014720665,0.161385809,5.62165291,0.12,-0.16619904,0.194192191,4.595173949,NA,NA,NA,NA,0.311,0.363936781,0.036092251,7.096249264,NA,NA,NA,NA,NA,NA,NA,NA,NA,NA,NA,NA,0.128,-0.16369822,0.194781638,4.69554974,NA,NA,NA,NA,4.80486369,4.505986263,1.06632897
201573,Jerryd,Bayless,75,310,0.392039726,-0.58892602,2.76727703,0.563,-0.038084333,-0.037427437,8.823289746,10.73378052,-6.721751825,0.817013081,8.328540462,14.33197832,0.243,-0.097714807,0.069454537,4.587766971,17.09108001,0.325,0.14342706,0.032585958,5.913969018,0.223,-0.105317481,0.0527049,4.30155709,NA,NA,NA,NA,0.429,0.437138371,-0.080208115,7.535878065,NA,NA,NA,NA,0.449,0.419190975,-0.083869794,7.770481885,NA,NA,NA,NA,0.263,-0.067800339,0.075479753,4.886777754,NA,NA,NA,NA,6.76630323,6.096265038,1.109909623
202708,Norris,Cole,74,309,0.095814246,0.076260367,2.606278186,0.363,-0.001145818,-0.050535293,7.49586223,18.06667732,-8.541030538,0.47199107,15.91329165,9.321562708,0.281,0.403201669,-0.092396386,6.509172459,21.13053603,0.102,-0.253890229,0.157749926,4.001102261,0.113,-0.258465887,0.147971813,4.232297492,NA,NA,NA,NA,0.266,0.413717068,-0.095253524,6.368025879,NA,NA,NA,NA,0.267,0.413660556,-0.095262641,6.377602299,NA,NA,NA,NA,0.073,-0.202258522,0.169700978,3.410764368,NA,NA,NA,NA,5.215862901,4.892188724,1.066161425
203918,Rodney,Hood,80,306,0.085800449,-0.177503485,3.253249605,0.467,-0.004596316,0.025106357,8.789696366,14.29423505,-8.195664895,0.097106716,11.71096934,7.26073141,0.317,0.401912199,-0.059323423,7.483561417,19.25875676,0.121,-0.78709354,-0.3808464,4.700449648,0.131,-0.794192751,-0.389744137,4.892279772,NA,NA,NA,NA,0.352,0.448802764,-0.011037009,7.753835113,NA,NA,NA,NA,0.145,-0.778261743,-0.394541208,5.153237599,NA,NA,NA,NA,NA,NA,NA,NA,NA,NA,NA,NA,6.373029828,5.540890277,1.150181561
201956,Omri,Casspi,NA,305,-0.538139273,0.162305154,3.304069645,0.371,-0.138143877,-6.47E-04,8.285064017,12.63864397,-2.743148085,-0.189196805,12.33590956,11.18088836,0.317,-0.098037697,0.014931096,7.659575405,19.04583699,0.113,-0.86878735,0.150861089,4.747455575,0.107,-0.869748797,0.151965608,4.633292081,NA,NA,NA,NA,0.334,-0.089090186,0.008861076,7.850341559,NA,NA,NA,NA,NA,NA,NA,NA,NA,NA,NA,NA,NA,NA,NA,NA,NA,NA,NA,NA,5.202166108,4.999685448,1.04049868
2581,Steve,Blake,75,303,0.204455065,-0.076253914,2.998713131,0.463,0.009375187,-0.030074746,7.847663762,13.54302433,-7.255653878,0.750760405,11.41075605,8.710460675,0.387,0.367225076,-0.066450179,7.10819618,18.00646122,0.192,-0.20977485,0.201969967,4.797360895,0.139,-0.417471043,0.236677624,3.926895554,NA,NA,NA,NA,0.343,0.417283283,-0.053148492,6.709451718,NA,NA,NA,NA,0.376,0.388988636,-0.067585203,7.012148651,NA,NA,NA,NA,0.147,-0.412357311,0.23853951,4.038983795,NA,NA,NA,NA,5.517630774,4.85309292,1.136930792
201152,Thaddeus,Young,80,303,-0.909284214,-0.042447348,3.271557366,0.391,-0.020354071,0.003859649,8.285261487,14.05021464,-7.546199776,-0.559499896,11.83851174,9.542938177,0.31,0.363841451,0.095245499,7.432858805,18.20393458,0.114,-0.824079825,-0.092677541,5.019794746,0.058,-1.103830767,-0.155599637,4.069882941,NA,NA,NA,NA,0.289,0.381567268,0.122522571,7.231008251,NA,NA,NA,NA,0.069,-1.093232436,-0.158931296,4.241335749,NA,NA,NA,NA,0.252,0.310082248,0.140762933,6.861045281,NA,NA,NA,NA,5.550617871,5.092108615,1.090043102
203487,Michael,Carter-Williams,77,299,-0.271036902,-0.20617149,2.961714391,0.393,-0.047083253,0.062330967,8.26663568,13.77871708,-7.158715454,0.592706065,11.75816895,7.769316735,0.322,0.218557706,0.018291633,7.570563858,21.12720668,0.124,-0.625393141,0.006304064,4.633097502,0.09,-0.670051316,-0.022148106,3.942748463,NA,NA,NA,NA,0.318,0.21904099,0.016315617,7.539461558,NA,NA,NA,NA,0.267,0.132622023,0.002764899,7.062164265,NA,NA,NA,NA,0.178,-0.427512118,0.02276853,5.668868096,NA,NA,NA,NA,5.648906029,5.316431011,1.062537258
2564,Boris,Diaw,80,295,-0.161347416,0.29471078,3.654791982,0.448,0.005321649,-0.01183577,8.38785028,14.34941005,-7.268533824,0.2325341,12.37012178,7.876374741,0.214,0.113164722,0.054462519,6.287559173,17.85943258,0.102,-0.559006642,0.355210819,4.946741094,0.092,-0.564338815,0.381437508,4.769818702,NA,NA,NA,NA,0.307,0.401962307,-0.059010237,7.097077479,NA,NA,NA,NA,0.305,0.401851455,-0.059081211,7.079286951,NA,NA,NA,NA,0.072,-0.543253768,0.405907266,4.457060347,NA,NA,NA,NA,5.222798819,4.745902466,1.100485915
201961,Wayne,Ellington,76,294,0.031199969,0.047028101,3.109134128,0.468,-0.074662186,-0.008881077,8.354056691,13.81392857,-6.148685488,0.272694632,12.36705006,9.999176753,0.314,0.203092915,0.007869573,6.681451657,15.27790046,0.123,-0.426412548,0.096740423,4.156963762,0.135,-0.43369965,0.102771377,4.339458991,NA,NA,NA,NA,0.347,0.233470507,-0.007795506,7.01756944,NA,NA,NA,NA,0.029,-0.111335417,0.035327952,3.120055953,0.374,0.225654144,-0.013782718,7.299973696,0.154,-0.414816367,0.107315994,4.619127039,NA,NA,NA,NA,5.601000811,5.246288719,1.067612004
202711,Bojan,Bogdanovic,80,294,-1.021369424,0.083291385,3.68457336,0.388,0.015918777,-0.019516069,7.785209692,14.17176901,-6.975810185,0.899848131,12.30314522,7.69805075,0.306,0.283061951,-0.071183752,6.988645672,16.29063832,0.121,-0.938311352,0.104532754,5.035276396,0.057,-1.196602744,0.109674925,4.144111973,NA,NA,NA,NA,0.311,0.284084129,-0.069696211,7.027184739,NA,NA,NA,NA,0.294,0.27199901,-0.072826158,6.89573904,NA,NA,NA,NA,0.057,-1.196602744,0.109674925,4.144111973,NA,NA,NA,NA,4.641434221,4.231046503,1.096994377
201936,Tyreke,Evans,NA,293,-1.108164815,0.519773823,3.248294567,0.399,-0.006470473,-0.014735237,7.98772311,12.84853473,-6.693265235,0.950056991,10.92622702,5.835947237,0.257,0.136094891,0.009069352,6.93422213,19.40348801,0.111,-1.114555854,0.46290523,5.158716186,0.063,-1.322227596,0.549602709,4.26203809,NA,NA,NA,NA,0.315,0.261599547,-0.057284115,7.299035915,NA,NA,NA,NA,0.323,0.259674395,-0.058140377,7.35055739,NA,NA,NA,NA,0.049,-1.307168447,0.553503917,4.009471459,NA,NA,NA,NA,5.363765094,4.89506009,1.095750613
101111,Charlie,Villanueva,83,292,-0.874978712,-0.016604971,3.539873163,0.375,-0.004170951,0.001394094,8.273089506,14.94564257,-7.868051655,-0.424997561,12.6998178,7.865231871,0.294,0.311820557,0.033735936,7.477679089,20.69975645,0.106,-0.977981705,0.35608239,5.105054764,0.061,-1.118360746,0.254791089,4.236968699,NA,NA,NA,NA,0.294,0.311820557,0.033735936,7.477679089,NA,NA,NA,NA,NA,NA,NA,NA,NA,NA,NA,NA,0.129,-0.826255563,0.37047343,5.572144094,NA,NA,NA,NA,5.342532884,4.812688133,1.110093307
203145,Kent,Bazemore,76,292,-0.222243033,0.04329708,3.11735397,0.38,-0.024347089,0.095425537,8.456193418,15.57128732,-8.514565719,-1.218201739,12.9801057,10.30903079,0.307,0.43235421,0.17149525,7.604586545,21.33671709,0.114,-0.369254547,-0.046557108,4.796062606,0.065,-0.549209626,-0.061237461,3.849805977,NA,NA,NA,NA,0.267,0.51376218,0.188508073,7.173540559,NA,NA,NA,NA,0.077,-0.535141597,-0.063133562,4.049193532,NA,NA,NA,NA,0.274,0.511107446,0.189631004,7.253976944,NA,NA,NA,NA,5.773959615,5.342760226,1.080707232
101187,Alan,Anderson,78,286,-0.087696409,-0.20211315,3.177075796,0.432,-0.349816027,0.007360003,8.511975186,12.87410039,-3.270929182,-1.68731431,12.33679268,Inf,NA,NA,NA,NA,18.48680504,0.233,-0.37624251,0.238074861,5.505157017,0.133,-0.563145013,0.168462269,3.857255598,NA,NA,NA,NA,0.342,-0.233431987,0.155447743,7.296947329,NA,NA,NA,NA,NA,NA,NA,NA,NA,NA,NA,NA,0.233,-0.37624251,0.238074861,5.505157017,NA,NA,NA,NA,5.73682271,5.345440786,1.073217895
203471,Dennis,Schroder,73,284,2.648405396,-0.371811993,3.240975127,0.552,-0.113766481,0.052778822,6.923744778,13.87319942,-4.083851785,-0.466210496,13.25030054,11.79926741,0.443,0.031078397,0.12949999,5.58438175,12.37395168,0.386,-0.026737742,0.171760944,4.894003133,0.283,-0.156715291,0.237306597,3.7090424,NA,NA,NA,NA,0.465,0.036002678,0.113292349,5.844406449,NA,NA,NA,NA,NA,NA,NA,NA,NA,NA,NA,NA,0.27,-0.152979202,0.238609117,3.586927063,NA,NA,NA,NA,6.587658388,4.623057769,1.42495697
201954,Darren,Collison,72,283,-0.233793006,0.361841074,2.876884666,0.473,0.003633606,-0.041413402,7.920839936,14.33853986,-8.498310627,1.202866078,11.48588504,10.22880474,0.405,0.424350299,-0.107298351,7.184669139,17.9373642,0.209,-0.319825454,0.467212986,4.617222003,0.138,-0.630416565,0.652125983,3.54005684,NA,NA,NA,NA,0.358,0.515295479,-0.102818721,6.689017182,NA,NA,NA,NA,0.382,0.491322893,-0.115608221,6.94774377,NA,NA,NA,NA,0.138,-0.630416565,0.652125983,3.54005684,NA,NA,NA,NA,5.780917091,5.065616481,1.14120702
2592,James,Jones,80,281,0.189970115,0.040614017,3.646391314,0.443,0.030124723,-0.035471969,8.692065754,15.849562,-8.800343436,0.581818656,13.16905683,11.66382767,0.36,0.556126025,-0.053249565,7.681768126,14.41889524,0.23,0.344742442,0.104396642,5.976096308,0.109,-0.127770888,0.200907989,4.388288118,NA,NA,NA,NA,0.317,0.640385837,-0.030886832,7.172455671,NA,NA,NA,NA,0.379,0.474886582,-0.055378477,7.903892571,NA,NA,NA,NA,0.135,-0.097932925,0.211346099,4.681715329,NA,NA,NA,NA,5.433579276,5.048779079,1.076216486
101127,Jarrett,Jack,75,279,-0.501596962,0.288390107,3.164175314,0.399,-0.03402849,-0.019624724,7.872521652,14.43042361,-7.58879646,-0.733337813,12.25191861,5.038067046,0.314,0.332553892,0.017506274,7.186029897,19.54914452,0.11,-0.746917567,0.330613232,4.94880812,0.071,-0.880531625,0.391408199,4.21575594,NA,NA,NA,NA,0.3,0.340900502,0.021739116,7.114388987,NA,NA,NA,NA,NA,NA,NA,NA,NA,NA,NA,NA,0.066,-0.878228592,0.392387655,4.131061223,NA,NA,NA,NA,5.214844106,4.741520712,1.09982523
203110,Draymond,Green,78,279,0.302838024,0.245881955,3.315130275,0.38,-0.044423456,6.79E-04,8.346204256,15.49117791,-7.34878034,0.620235228,13.62304404,11.37008935,0.307,0.325067979,-0.031861781,7.437092678,19.03673002,0.119,-0.013665391,0.337733379,4.784410085,0.077,-0.088244868,0.392985981,4.038175035,NA,NA,NA,NA,0.257,0.398188181,-0.011938387,6.839390548,NA,NA,NA,NA,0.297,0.34994742,-0.032800715,7.323167923,NA,NA,NA,NA,0.068,-0.083046436,0.395075637,3.909202889,NA,NA,NA,NA,5.358003654,5.049001936,1.061200555
202714,Shelvin,Mack,75,277,-0.253966862,0.059273966,3.112655901,0.382,0.014670368,-0.005830269,7.794978531,14.50574999,-7.885475228,0.189395539,12.17375014,9.857742774,0.308,0.429571031,1.64E-04,6.986713286,18.48011491,0.118,-0.274918825,0.296428907,4.602131109,0.063,-0.474377127,0.275137395,3.698132238,NA,NA,NA,NA,0.27,0.493522042,0.026320905,6.600680213,NA,NA,NA,NA,0.356,0.197194086,-0.007837018,7.484466319,NA,NA,NA,NA,0.098,-0.383205501,0.303210391,4.237836883,NA,NA,NA,NA,5.087095545,4.690474361,1.084558864
101110,Martell,Webster,79,274,0.055413353,-0.472099853,3.083948741,0.415,-0.178200886,-0.027781031,8.733563532,12.39608195,-5.128317158,0.743112386,11.2610388,Inf,NA,NA,NA,NA,20.17069469,0.205,-0.126807623,-0.019323266,5.618929268,0.111,-0.32223864,-0.060376442,3.925938734,NA,NA,NA,NA,0.296,0.060937613,-0.058093088,7.267736026,NA,NA,NA,NA,0.32,0.055486897,-0.05941609,7.593265785,NA,NA,NA,NA,0.176,-0.2145072,-0.013242323,5.039849925,NA,NA,NA,NA,5.940882989,5.671872893,1.047428795
951,Ray,Allen,77,267,0.207999333,-0.258835905,3.094102973,0.403,-0.186871502,0.075294744,8.581102084,9.379689939,-4.148493614,-0.906457198,8.363427494,8.338965564,0.395,-0.156043102,0.082804348,8.51431211,20.62875225,0.185,-0.328338961,0.194984541,5.632219942,0.125,-0.413917164,0.135170489,4.449181716,NA,NA,NA,NA,0.336,-0.064433048,0.145549787,7.997074003,NA,NA,NA,NA,NA,NA,NA,NA,NA,NA,NA,NA,0.212,-0.257572691,0.199886788,6.18378615,NA,NA,NA,NA,5.813342587,5.511327019,1.054799065
2034,Mike,Miller,80,267,-0.258638766,0.404689364,3.50738373,0.388,-0.016071591,0.004378434,8.051930353,14.79970123,-6.835766244,-0.089490008,13.12613606,9.018516316,0.307,0.266656585,0.019191912,7.192367802,16.14375294,0.118,-0.431478322,0.401767556,5.000997431,0.071,-0.568056555,0.48895531,4.280463853,NA,NA,NA,NA,0.296,0.269859092,0.024544908,7.092885889,NA,NA,NA,NA,NA,NA,NA,NA,NA,NA,NA,NA,0.064,-0.563407957,0.490453614,4.186498915,NA,NA,NA,NA,4.863411623,4.568587494,1.064532884
201177,Josh,McRoberts,NA,260,-0.673134884,-0.238341497,3.5875765,0.479,0.007013517,-0.017462181,7.771904597,14.14027952,-9.311087112,0.142964199,10.64099257,3.624815534,0.308,0.419858109,-0.0917262,6.555473561,14.71083959,0.116,-1.053540237,-0.524306274,4.82241157,0.095,-1.074293361,-0.515026924,4.517610418,NA,NA,NA,NA,0.358,0.531994449,-0.053657324,6.777942474,NA,NA,NA,NA,0.116,-1.053540237,-0.524306274,4.82241157,NA,NA,NA,NA,NA,NA,NA,NA,NA,NA,NA,NA,5.226240363,4.244996012,1.231153186
201228,C.J.,Watson,74,256,-0.208779061,-0.00625791,2.908970611,0.376,-0.005776282,0.008947902,6.961588822,16.32787228,-7.473329256,-1.537785155,14.43551107,9.33350674,0.228,0.128536937,0.294155296,5.40486857,15.21787288,0.121,-0.564083363,0.427229512,4.125410711,0.09,-0.606308196,0.352310698,3.66703315,NA,NA,NA,NA,0.287,0.336847941,0.155084016,5.972113909,NA,NA,NA,NA,NA,NA,NA,NA,NA,NA,NA,NA,0.152,-0.453452085,0.455241368,4.581718806,NA,NA,NA,NA,4.657120004,4.0577279,1.14771619
203148,Brian,Roberts,73,256,0.467537584,0.108635902,2.795848346,0.375,-0.061560318,-0.062196839,7.712849974,14.69459579,-7.454215501,-0.529265871,12.65249756,8.931085737,0.302,0.267736178,-0.014851709,6.934536701,19.80238863,0.11,-0.053976865,0.2176986,4.161209164,0.135,-0.077354053,0.207564412,4.645292356,NA,NA,NA,NA,0.274,0.286427745,0.00933087,6.675929468,NA,NA,NA,NA,NA,NA,NA,NA,NA,NA,NA,NA,0.103,-0.039702961,0.218178564,4.022826258,NA,NA,NA,NA,5.22068366,4.94833643,1.055038139
203935,Marcus,Smart,75,253,0.168841434,0.105859154,2.438818152,0.466,0.015500086,0.003972896,8.402206172,13.04212292,-8.938061424,-0.64464596,9.475888347,6.618954712,0.313,0.489730676,0.160422639,7.153747535,24.24079582,0.187,-0.481301806,0.565167278,5.263618264,0.142,-0.699524489,0.600484864,4.243928723,NA,NA,NA,NA,0.353,0.596213945,0.066644535,7.45729369,NA,NA,NA,NA,NA,NA,NA,NA,NA,NA,NA,NA,0.155,-0.680284798,0.609356935,4.513817553,NA,NA,NA,NA,6.97622769,5.966229216,1.169285899
203143,Pablo,Prigioni,75,252,-0.148431074,0.123448759,3.437247573,0.289,0.006288377,0.004657624,6.898044509,14.57844893,-6.19004028,0.405375882,13.19281035,9.784687475,0.213,0.147673672,0.03192211,6.042013325,14.54118003,0.113,-0.253137068,0.213124984,4.835825083,0.066,-0.420023784,0.277184916,4.188568759,NA,NA,NA,NA,0.238,0.176835366,0.007803953,6.291484758,NA,NA,NA,NA,0.263,0.1364044,-0.001845835,6.568180857,NA,NA,NA,NA,0.068,-0.419783042,0.277444499,4.213224436,NA,NA,NA,NA,3.677668248,3.466289786,1.060981186
201950,Jrue,Holiday,75,250,-0.266586586,-0.155742532,3.028268799,0.38,0.030926251,-0.001104621,7.638577325,14.59381112,-7.337221951,0.663762206,12.59777428,8.295199832,0.308,0.289941613,0.002373787,6.894740599,18.35574046,0.121,-0.795143875,0.239575265,4.376143702,0.106,-0.80417118,0.207765205,4.103028402,NA,NA,NA,NA,0.307,0.29000371,0.00303354,6.886445399,NA,NA,NA,NA,0.349,0.205200426,-0.009774249,7.266683665,NA,NA,NA,NA,0.156,-0.703300389,0.275596379,4.984004197,NA,NA,NA,NA,5.256810168,4.622485421,1.137225905
201942,DeMar,DeRozan,78,248,-0.200762024,0.17233704,3.117497928,0.476,-0.056796814,-0.005423864,8.988826731,13.6623417,-8.676373598,1.759009689,10.40605626,7.590086696,0.398,0.445871072,-0.129807439,8.295136028,21.00402816,0.114,-0.699426377,0.461370147,4.803683929,0.093,-0.722376383,0.436991395,4.368338769,NA,NA,NA,NA,0.331,0.578893425,-0.123165159,7.754429173,NA,NA,NA,NA,0.366,0.543160149,-0.150562692,8.045297122,NA,NA,NA,NA,0.129,-0.657814144,0.46683738,5.115816634,NA,NA,NA,NA,6.658664216,5.875783083,1.133238604
203917,Nik,Stauskas,78,247,-0.374480708,0.042814246,3.304444592,0.288,-0.005473459,-0.028436021,7.685490251,16.09303954,-5.940209577,-0.599637204,14.94457317,11.15029976,0.221,0.14882622,0.017246978,6.831553381,18.98976113,0.109,-0.472864115,0.208313403,5.150494361,0.064,-0.687486744,0.24082216,4.330980589,NA,NA,NA,NA,0.236,0.1601803,0.005612483,7.000160493,NA,NA,NA,NA,NA,NA,NA,NA,NA,NA,NA,NA,0.075,-0.6716035,0.246101279,4.520342226,NA,NA,NA,NA,4.647525572,4.397135888,1.056943813
204060,Joe,Ingles,79,247,-0.032083085,-0.287207841,3.228899902,0.462,0.029471694,2.52E-04,8.141395082,14.2683321,-7.000376454,-0.778361373,12.40863344,6.750080657,0.301,0.395188552,-0.00752201,6.660096455,16.26185318,0.104,-0.459511078,-0.550326056,4.257509901,0.129,-0.491160461,-0.558879189,4.650590698,NA,NA,NA,NA,0.346,0.483530568,0.063135369,6.996649269,NA,NA,NA,NA,0.124,-0.489565847,-0.5595168,4.575718118,NA,NA,NA,NA,0.363,0.470734607,0.068397229,7.142569057,NA,NA,NA,NA,5.491707741,4.921283488,1.115909651
203100,Tony,Wroten,78,245,-0.351439178,-0.213478904,2.998778548,0.377,0.001436058,7.28E-05,7.826987623,14.07723724,-7.718030234,-0.489004698,11.76271619,8.142093069,0.307,0.28928728,0.059142505,7.141876579,19.90837792,0.116,-0.823518072,-0.275545515,4.548027501,0.1,-0.834576748,-0.293859772,4.232479364,NA,NA,NA,NA,0.302,0.290513254,0.063170958,7.101134877,NA,NA,NA,NA,0.074,-0.804742345,-0.306302862,3.766257049,NA,NA,NA,NA,0.278,0.262227871,0.073330702,6.897189207,NA,NA,NA,NA,5.375182289,4.845794892,1.109246761
202693,Markieff,Morris,80,244,-0.542185029,0.062380347,3.744289633,0.406,-0.057969556,0.011436622,8.066873751,14.37975651,-6.298836965,0.39777403,12.92067437,9.06395355,0.242,0.127150523,0.059473196,6.326255015,14.14006489,0.129,-0.506627497,0.246060072,5.045301186,0.07,-0.689709218,0.245865728,4.285330552,NA,NA,NA,NA,0.306,0.26320693,-0.005831194,6.939642278,NA,NA,NA,NA,0.328,0.248195352,-0.009650454,7.16199031,NA,NA,NA,NA,0.097,-0.646826267,0.267657288,4.604573312,NA,NA,NA,NA,4.65132136,4.349918774,1.069289245
202329,Al-Farouq,Aminu,80,240,-0.100142313,0.207426011,3.400602588,0.472,-0.021443374,-0.033262052,8.385789144,13.62277698,-7.22567722,0.124326357,11.54790822,6.324501932,0.311,0.527148365,-0.067406245,7.079483447,18.53320541,0.111,-0.375734429,0.467212256,4.676143863,0.098,-0.381273215,0.462041367,4.436638594,NA,NA,NA,NA,0.319,0.528712712,-0.073756368,7.130231077,NA,NA,NA,NA,0.362,0.488552534,-0.092601482,7.435475384,NA,NA,NA,NA,0.113,-0.373811607,0.467309359,4.713199723,NA,NA,NA,NA,5.525541931,4.991613894,1.106965011
202341,James,Anderson,78,239,-0.033965243,0.289714189,3.009185465,0.376,0.007796582,0.003946347,8.193686157,13.72466775,-6.604131965,-0.570394551,12.01776168,9.119144624,0.31,0.252725122,0.079330978,7.490187824,20.66700227,0.115,-0.432868039,0.438808933,4.621617308,0.097,-0.442589742,0.430297875,4.253971213,NA,NA,NA,NA,0.296,0.259065624,0.104459079,7.361574447,NA,NA,NA,NA,NA,NA,NA,NA,NA,NA,NA,NA,0.125,-0.419898472,0.440293272,4.827443552,NA,NA,NA,NA,5.504150637,5.192538372,1.060011548
202682,Derrick,Williams,NA,237,-0.226151166,0.033981119,3.175874197,0.383,-0.052014828,0.012808913,8.549955292,15.3013335,-7.016479911,-0.749921149,13.57709228,8.447680891,0.307,0.242152583,0.104723723,7.724111788,21.0097796,0.115,-0.453227607,0.462859688,5.087342856,0.074,-0.54304214,0.376337941,4.267789145,NA,NA,NA,NA,0.294,0.247380724,0.129381026,7.613422392,NA,NA,NA,NA,NA,NA,NA,NA,NA,NA,NA,NA,0.144,-0.325285175,0.481542763,5.681152905,NA,NA,NA,NA,5.706964119,5.376943309,1.06137703
201586,Serge,Ibaka,84,233,NA,NA,NA,NA,NA,NA,NA,NA,NA,NA,NA,NA,NA,NA,NA,NA,NA,NA,NA,NA,NA,NA,NA,NA,NA,NA,NA,NA,NA,NA,NA,NA,NA,NA,NA,NA,NA,NA,NA,NA,NA,NA,NA,NA,NA,NA,NA,NA,NA,NA,NA,NA,NA,0,NA,NA
202323,Evan,Turner,78,230,0.534160725,-0.382094992,2.64574965,0.415,-0.604553532,0.096927016,7.271444174,18.1110742,-2.153828679,-3.36715573,17.66449243,Inf,NA,NA,NA,NA,#NAME?,NA,NA,NA,NA,NA,NA,NA,NA,NA,NA,NA,NA,NA,NA,NA,NA,NA,NA,NA,NA,NA,NA,NA,NA,NA,NA,NA,NA,0.265,-0.416138525,0.429575415,4.947329821,NA,NA,NA,NA,5.139268101,4.787816002,1.073405515
203798,PJ,Hairston,78,230,-0.314443506,0.094420786,2.957987912,0.458,-0.022776603,0.004349888,8.728308697,14.58823383,-8.55698848,0.863442511,11.78341976,8.693094523,0.385,0.424428843,-0.03028851,7.986188337,23.47035936,0.189,-0.429187343,0.367884174,5.289245156,0.126,-0.746421516,0.41113237,4.021715461,NA,NA,NA,NA,0.345,0.50311971,-0.01391464,7.617867347,NA,NA,NA,NA,0.382,0.435301367,-0.030402559,7.960102219,NA,NA,NA,NA,0.143,-0.72281218,0.422102956,4.298566151,NA,NA,NA,NA,6.456028937,5.778389422,1.117271348
203115,Will,Barton,77,227,-0.344084022,0.180651778,2.955517456,0.392,-0.0431287,0.006114589,8.22776273,13.17467116,-8.497243234,-0.365395104,10.06157562,8.077469611,0.328,0.327930217,0.043315315,7.65426094,20.58728318,0.122,-0.339569304,0.29556303,4.909435161,0.068,-0.53597809,0.278413844,3.897350627,NA,NA,NA,NA,0.276,0.396576064,0.094531311,7.198614652,NA,NA,NA,NA,NA,NA,NA,NA,NA,NA,NA,NA,0.104,-0.439908342,0.299442685,4.542456939,NA,NA,NA,NA,5.583929807,5.283711533,1.056819581
2446,Rasual,Butler,NA,226,-0.108970352,-0.226178397,3.349311497,0.451,-0.029129784,-0.071712013,8.798928461,10.97831201,-7.07007818,-0.127776702,8.397678387,8.303872309,0.433,0.089015576,-0.069732502,8.64886231,15.95065851,0.218,-0.038461203,0.095931426,6.061538897,0.113,-0.437226859,0.119600231,4.514682658,NA,NA,NA,NA,0.328,0.408093839,-0.039901225,7.659748018,NA,NA,NA,NA,NA,NA,NA,NA,NA,NA,NA,NA,0.151,-0.374113449,0.143527744,5.027136332,NA,NA,NA,NA,5.808510921,5.45239025,1.065314597
201945,Gerald,Henderson,77,226,0.605971124,-0.06493455,3.322264422,0.428,-0.034318267,-0.004596951,8.529489358,16.66610489,-8.886066154,0.160118549,14.09862555,13.52051989,0.36,0.41196324,0.025401439,7.596720294,16.71121443,0.227,0.418178428,0.229680171,5.609220979,0.121,0.13711681,0.334327072,3.995714215,NA,NA,NA,NA,0.295,0.56298787,0.101882409,6.700891692,NA,NA,NA,NA,0.42,0.034744025,-0.005280935,8.417159627,NA,NA,NA,NA,0.137,0.146839473,0.339163854,4.201371705,NA,NA,NA,NA,5.743463652,5.246789748,1.094662437
203897,Zach,LaVine,78,222,0.351226526,0.058214383,3.043752934,0.464,-0.020360677,-0.002017868,8.417078799,15.29349884,-8.560800859,-0.095009338,12.67259912,8.406105914,0.387,0.34198474,0.022723288,7.627977869,21.04268745,0.194,-0.470289643,0.442813202,5.109966075,0.146,-0.605503431,0.46629591,4.180845075,NA,NA,NA,NA,0.371,0.350232651,0.034935682,7.4922978,NA,NA,NA,NA,NA,NA,NA,NA,NA,NA,NA,NA,0.159,-0.593808942,0.471081762,4.404459693,NA,NA,NA,NA,6.303843413,5.386495691,1.170305107
101109,Raymond,Felton,73,219,-0.217477121,0.1499986,3.005310941,0.39,-0.01088014,-0.041174103,8.030535242,14.39002505,-8.595127897,1.737763603,11.40950371,6.759957844,0.315,0.431940954,-0.157480466,7.369205254,21.08509164,0.117,-0.204423917,0.250492532,4.898711353,0.064,-0.419340586,0.304472161,3.882001619,NA,NA,NA,NA,0.268,0.508736354,-0.171889662,7.011534685,NA,NA,NA,NA,0.283,0.499985118,-0.177778282,7.140431084,NA,NA,NA,NA,0.076,-0.406966858,0.310447696,4.082213983,NA,NA,NA,NA,5.421512336,5.03310129,1.077171315
203085,Austin,Rivers,75,219,-0.706717363,0.140589179,3.054162682,0.362,2.36E-04,-0.009117306,8.084118736,11.71987547,-6.463273856,-1.033501935,9.721802598,6.485984334,0.302,0.148592181,0.092877542,7.600064467,20.84688456,0.113,-0.985284361,0.432257094,4.671300849,0.109,-0.986131064,0.42551712,4.587945282,NA,NA,NA,NA,0.315,0.159818994,0.06285619,7.68558478,NA,NA,NA,NA,NA,NA,NA,NA,NA,NA,NA,NA,0.138,-0.938502042,0.453938707,5.183248111,NA,NA,NA,NA,5.434314033,5.081599392,1.069410163
2738,Andre,Iguodala,78,218,0.122476694,0.076518193,2.693612947,0.472,-0.013811506,-0.039507053,8.925472515,13.74292468,-7.396279829,0.511965423,11.57155628,9.597618342,0.404,0.33840576,-0.052961773,8.202988391,22.11917776,0.202,-0.438557292,0.256492952,5.28870494,0.146,-0.708349443,0.278660692,4.170313666,NA,NA,NA,NA,0.359,0.40092754,-0.032881815,7.745740259,NA,NA,NA,NA,0.412,0.313685419,-0.053329115,8.279911498,NA,NA,NA,NA,0.161,-0.686964372,0.28363227,4.429739379,NA,NA,NA,NA,6.935401225,6.234429405,1.112435601
204038,Langston,Galloway,73,214,0.179921803,-0.015892032,3.181341903,0.374,-0.027320745,-0.002903556,8.494224654,13.66925861,-7.755928214,-0.030567264,11.25581068,6.871455963,0.307,0.344178307,-0.014793121,7.902189425,25.340381,0.11,-0.13916813,0.238114292,4.984509757,0.078,-0.181118249,0.22240292,4.208239219,NA,NA,NA,NA,0.257,0.420301636,-0.005837093,7.495852527,NA,NA,NA,NA,0.289,0.389999611,-0.017143799,7.775608343,NA,NA,NA,NA,0.109,-0.141507484,0.238130246,4.959169376,0.257,0.420301636,-0.005837093,7.495852527,5.661281015,5.316939091,1.064763187
201978,Chase,Budinger,79,211,0.027289256,0.510688701,3.547398037,0.372,-0.07972597,0.031328633,7.849255782,14.1698644,-4.919174098,-2.347426049,13.07961675,12.99385382,0.343,0.032923419,0.105421852,7.471561503,15.19809379,0.198,0.039465348,0.48307708,5.467578832,0.088,-0.127622429,0.582541874,3.986573199,NA,NA,NA,NA,0.276,0.11533951,0.299043968,6.590981442,NA,NA,NA,NA,NA,NA,NA,NA,NA,NA,NA,NA,0.082,-0.12676516,0.582830329,3.928635463,NA,NA,NA,NA,4.454388922,4.329805814,1.028773371
203490,Otto,Porter Jr.,80,211,-0.222035437,-0.240323547,3.378104175,0.381,-0.027881997,-0.05309915,7.959413375,16.81006294,-8.651065337,0.259678102,14.41075473,8.304566835,0.301,0.371242711,-0.061327385,7.081425627,18.46727212,0.115,-0.313993706,0.140065244,4.835584481,0.066,-0.425205716,0.072954045,4.015459823,NA,NA,NA,NA,0.28,0.387408979,-0.056174192,6.903447173,NA,NA,NA,NA,0.305,0.364459096,-0.061427497,7.1146955,0.06,-0.422791718,0.05869035,3.939863857,0.13,-0.252275449,0.143939625,5.109955087,0.228,0.255333185,0.009691385,6.388852441,4.953409641,4.589242042,1.07935245
203086,Meyers,Leonard,84,210,0.042255558,-0.245704278,3.462771186,0.428,-0.070497616,0.056878584,8.179031455,14.84925011,-6.965428566,0.766191224,13.09182893,10.66003466,0.313,0.314027183,-0.032739583,6.858833189,12.08775994,0.201,-0.028328814,-0.082698394,5.563089118,0.107,-0.308433181,-0.121500295,4.459692252,NA,NA,NA,NA,0.309,0.314380067,-0.035898117,6.816190076,NA,NA,NA,NA,NA,NA,NA,NA,NA,NA,NA,NA,NA,NA,NA,NA,NA,NA,NA,NA,4.968389778,4.727301618,1.050999107
200761,Shawne,Williams,82,207,-0.197531404,0.050548137,3.612733619,0.375,-0.001119031,-0.001866862,8.30079901,13.95262065,-6.298073899,0.659684084,12.43280762,9.072334873,0.304,0.260491766,-0.013587336,7.551695418,17.54568823,0.119,-0.333745596,0.373586691,5.076686117,0.072,-0.420068067,0.337415546,4.300069583,NA,NA,NA,NA,0.285,0.270227123,-0.001468909,7.377228217,NA,NA,NA,NA,0.325,0.223225107,-0.017539234,7.745430955,NA,NA,NA,NA,0.113,-0.352139907,0.374427882,4.971502407,NA,NA,NA,NA,4.986312023,4.692470806,1.062619722
201937,Ricky,Rubio,75,205,-0.306719045,-0.755060081,3.64882495,0.39,0.019978092,-0.012623396,7.090541997,14.00919228,-7.968475075,1.234806391,11.45583373,5.100278168,0.231,0.273939974,-0.218827758,5.970611179,12.85424801,0.033,-0.460000397,-0.604741389,4.054515475,0.063,-0.521147748,-0.497564207,4.423717162,NA,NA,NA,NA,0.287,0.406987579,-0.143852829,6.286023151,NA,NA,NA,NA,NA,NA,NA,NA,NA,NA,NA,NA,NA,NA,NA,NA,NA,NA,NA,NA,3.932327735,3.536008977,1.112080812
201973,Jonas,Jerebko,82,205,-0.679835815,0.123532156,4.383384604,0.57,-0.040825535,-0.023092956,8.680490772,13.06309079,-7.863739641,-0.511702845,10.41844999,6.44499515,0.305,0.370574632,0.139421753,6.618363353,9.57196498,0.193,-0.40175738,0.233183389,5.728000641,0.084,-0.81290194,0.235080797,4.725595851,NA,NA,NA,NA,0.389,0.572403546,0.088069704,7.220179458,NA,NA,NA,NA,NA,NA,NA,NA,NA,NA,NA,NA,0.14,-0.733280763,0.266114766,5.242301881,NA,NA,NA,NA,4.988691346,4.346832695,1.147661228
2588,Matt,Bonner,82,204,-0.237867112,0.226046324,3.433104187,0.456,-0.043109071,0.038294539,7.515452103,14.06611829,-6.778566961,0.0029287,12.32504382,7.213395468,0.282,0.394474928,0.001661078,5.867274267,11.86683568,0.102,-0.448803376,0.104129743,4.158282927,0.103,-0.448848076,0.102643351,4.170148194,NA,NA,NA,NA,0.308,0.409067665,0.025425511,6.058759418,NA,NA,NA,NA,0.241,0.297970784,-0.021504288,5.557490772,0.212,0.142506889,-0.013308578,5.300380158,0.363,0.354812797,0.042157542,6.533177969,NA,NA,NA,NA,4.495159963,4.091301252,1.098711556
203142,Chris,Copeland,NA,202,0.280226094,0.36255981,3.740776198,0.439,0.011244846,-0.012720826,8.623028008,13.9358988,-8.696303068,-0.197807144,10.88781249,7.267247441,0.365,0.464038297,0.012122678,7.934247981,23.71824339,0.172,-0.185430236,0.541298699,5.393155817,0.122,-0.310599904,0.566816258,4.361288226,NA,NA,NA,NA,0.324,0.538600118,0.059063659,7.604633649,NA,NA,NA,NA,NA,NA,NA,NA,NA,NA,NA,NA,0.132,-0.304404894,0.568751912,4.5224103,NA,NA,NA,NA,5.684596272,4.904036012,1.15916691
203527,Ryan,Kelly,83,202,0.849862151,-0.053897274,3.190224993,0.593,-0.05646137,-0.12717594,8.729512343,13.02755078,-8.341821272,0.382231226,9.999249794,9.972500817,0.577,0.070744367,-0.1324462,8.569800581,13.69418085,0.357,0.319211337,0.132517226,6.000906415,0.26,0.015399843,0.314904524,4.728187664,NA,NA,NA,NA,0.45,0.621377093,-0.083889145,7.223705214,NA,NA,NA,NA,0.545,0.28600855,-0.136972082,8.249468996,NA,NA,NA,NA,0.21,0.066268362,0.333221485,4.1012786,NA,NA,NA,NA,6.622872702,5.613421099,1.179828234
202347,Quincy,Pondexter,79,201,-0.586281989,-0.012191605,3.261287441,0.387,-0.03343431,-0.052607421,8.49981208,14.28196055,-6.401333883,0.953328588,12.73139766,9.542705494,0.316,0.224620563,-0.119246833,7.719472534,20.59192249,0.12,-0.68661582,-0.016735909,5.014634732,0.069,-0.866825035,0.00997271,4.066161533,NA,NA,NA,NA,0.305,0.228760053,-0.128055325,7.614101526,NA,NA,NA,NA,0.264,0.185774919,-0.146536814,7.178273463,NA,NA,NA,NA,0.075,-0.863288913,0.010779422,4.157800744,NA,NA,NA,NA,5.558831927,5.267771292,1.055253089
203957,Dante,Exum,77,201,-0.476677979,0.131646087,3.301677094,0.389,-0.023809019,-0.004601868,8.266373616,13.91123372,-7.695426194,-0.135239167,11.58812106,8.128036265,0.309,0.345486319,0.075836459,7.49779059,19.30250348,0.111,-0.505224556,0.286009031,5.156243688,0.062,-0.718425093,0.25390756,4.273512043,NA,NA,NA,NA,0.28,0.368931561,0.124445273,7.256036396,NA,NA,NA,NA,NA,NA,NA,NA,NA,NA,NA,NA,0.124,-0.402435137,0.287326233,5.405691563,NA,NA,NA,NA,5.339679641,4.987170075,1.070683286
2748,Dorell,Wright,81,200,-0.651622682,-0.058677641,3.240259146,0.377,-0.006823667,-0.00659364,8.284912556,14.53521236,-8.618716134,0.694167613,11.68367501,9.269461073,0.238,0.231357753,-0.00391139,6.86231991,19.2710412,0.105,-0.741527552,0.174025489,5.004110466,0.061,-0.91838177,0.127772295,4.192489762,NA,NA,NA,NA,0.29,0.338942403,-0.04680491,7.36921262,NA,NA,NA,NA,0.292,0.338759006,-0.046846635,7.389090719,NA,NA,NA,NA,0.11,-0.705680329,0.174479293,5.100391761,NA,NA,NA,NA,5.495574984,5.085961712,1.080538017
